title,publish_date,length,views,url
Ed Sheeran - Shape of You - [Piano Tutorial Synthesia] (Download MIDI),2017-03-18,283,23699,https://www.youtube.com/watch?v=jU_UGtchbCA
The Cranberries - ZOMBIE - Piano Tutorial Synthesia (Download MIDI + PDF Sheets),2017-03-18,260,15696,https://www.youtube.com/watch?v=KWry6_rBckI
Fifth Harmony - Work from Home - Piano Tutorial Synthesia (Download MIDI),2017-03-18,139,2513,https://www.youtube.com/watch?v=viCJy0MXhZk
Avicii - Levels - [Piano Tutorial Synthesia] (Download MIDI + PDF Sheets),2017-03-18,275,3425,https://www.youtube.com/watch?v=0vR0W83a1vo
John Legend - All of Me - Piano Tutorial Synthesia (Download MIDI + PDF Sheets),2017-03-15,286,6672,https://www.youtube.com/watch?v=1_eJp2qmeZc
Ed Sheeran - The A Team - [Piano Tutorial Synthesia] (Download MIDI + PDF Sheets),2017-03-14,85,1727,https://www.youtube.com/watch?v=Cl61XlnfMzk
Evanescence - My immortal - Piano Tutorial - [Piano Tutorial] (Download MIDI + PDF Scores),2017-03-14,247,3663,https://www.youtube.com/watch?v=Dt7WezSfIxQ
Evanescence - Breathe No More - [Piano Tutorial] (Synthesia) (Download MIDI + PDF Scores),2017-03-14,190,14665,https://www.youtube.com/watch?v=wELA10M-37A
Twenty one Pilots - Truce - EASY - Piano Tutorial Synthesia (Download MIDI + PDF Scores),2017-03-14,138,60223,https://www.youtube.com/watch?v=uKj7d7EcmwI
Passenger - Let Her Go - EASY -  - [Piano Tutorial] (Synthesia) (Download MIDI + PDF Scores),2017-03-14,312,4524,https://www.youtube.com/watch?v=elofEeNilf4
Frederick Chopin - Nocturne Op. 9 No.1 in B♭ Minor - Piano Synthesia (Download MIDI + Sheets),2017-03-13,325,2327,https://www.youtube.com/watch?v=B1_Kf_XqN-s
Kung Fu Panda - Oogway Ascends - EASY Piano Tutorial Synthesia (Download MIDI),2017-03-13,69,7911,https://www.youtube.com/watch?v=txu9bShmfPg
Frozen - Let It Go - EASY Piano Tutorial Synthesia (Download MIDI),2017-03-13,105,5027,https://www.youtube.com/watch?v=HVX2slZiEk0
Victor's Piano Solo - Corpse Bride - Piano Tutorial Synthesia (Download MIDI),2017-03-11,79,4958,https://www.youtube.com/watch?v=Akp4pl_waFA
Linkin Park - Numb - Piano Tutorial Synthesia (Download MIDI),2017-03-11,185,4784,https://www.youtube.com/watch?v=_3dAxBfGWK4
Linkin Park - Burn It Down - EASY Piano Tutorial Synthesia (Download MIDI),2017-03-09,192,1983,https://www.youtube.com/watch?v=VlCDBKEaZ0Y
Green Day - Wake Me Up When September Ends  Piano Tutorial Synthesia (Download MIDI),2017-03-09,250,1867,https://www.youtube.com/watch?v=D2xQUFffEC8
Ludovico Einaudi - Nuvole Bianche - [Piano Tutorial] (Synthesia) (Download MIDI + PDF Scores),2017-03-09,356,4135,https://www.youtube.com/watch?v=2_vyUk7M21s
Yiruma - Kiss The Rain - Piano Tutorial Synthesia (Download MIDI),2017-03-09,268,4932,https://www.youtube.com/watch?v=TiwekJOBwu0
Nobuyuki Tsujii - Elegy for the victims of the earthquake - Piano Tutorial Synthesia(Download MIDI),2017-03-07,235,3486,https://www.youtube.com/watch?v=zo3gLcNxsH8
The Daydream - Tears - [Piano Tutorial] (Synthesia) (Download MIDI + PDF Scores),2017-03-03,226,5781,https://www.youtube.com/watch?v=PaCG_cqYN7M
Scott Joplin - The Entertainer - [Piano Tutorial] (Synthesia) (Download MIDI + PDF Scores),2017-03-03,145,6453,https://www.youtube.com/watch?v=7jgDKlkK56Q
"Yiruma, (이루마) - River Flows in You - Piano Tutorial Synthesia - PDF Sheet Music (Download MIDI)",2017-03-03,170,18458,https://www.youtube.com/watch?v=y01pkDmeyXo
Nocturne 20 in C-sharp Minor-Frederic Chopin - Piano Tutorial Synthesia+PDF Sheets (Download MIDI),2017-03-03,266,6491,https://www.youtube.com/watch?v=J0t9OJTZH94
Silent Night - Christmas Song -  EASY - [Piano Tutorial] (Synthesia) (Download MIDI + PDF Scores),2017-03-03,47,1734,https://www.youtube.com/watch?v=KZALmx7Xz-U
Mozart - Turkish March (Rondo Alla Turca) - [Piano Tutorial] (Download MIDI + PDF Scores),2017-03-03,133,14363,https://www.youtube.com/watch?v=h1NQFWrKXA0
Richard Clayderman - Marriage d amour (Spring Waltz Chopin) Piano Tutorial Synthesia (Download MIDI),2017-03-03,188,4237,https://www.youtube.com/watch?v=2qnyKsyigfs
Gravity Falls - Theme - EASY - [Piano Tutorial] (Synthesia) (Download MIDI + PDF Scores),2017-03-31,48,8240,https://www.youtube.com/watch?v=bzX8ZSjVEG4
Mozart - Symphony No. 40 - EASY - [Piano Tutorial Synthesia] (Download MIDI),2017-03-31,203,4984,https://www.youtube.com/watch?v=LsHiLc50D_s
Johann Pachelbel - Canon in D - Piano Tutorial Synthesia (Download MIDI),2017-04-01,250,3555,https://www.youtube.com/watch?v=wpzuEhVSleM
Johann Pachelbel - Canon in D - EASY - [Piano Tutorial] (Synthesia) (Download MIDI + PDF Scores),2017-04-01,139,2687,https://www.youtube.com/watch?v=0ePlZlajr7Q
Richard Clayderman - Ballade Pour Adelin - EASY Piano Tutorial Synthesia (Download MIDI),2017-04-01,180,1851,https://www.youtube.com/watch?v=f0imAIxu-g0
Ludovico Einaudi - Una Mattina - [Piano Tutorial] (Synthesia) (Download MIDI + PDF Scores),2017-04-01,159,2147,https://www.youtube.com/watch?v=98WQjzEHgAg
Coldplay - Clocks - [Piano Tutorial] (Synthesia) (Download MIDI + PDF Scores),2017-04-20,82,4366,https://www.youtube.com/watch?v=irXZJHyXNGY
Clean Bandit - Rockabye ft. Sean Paul & Anne-Marie - Piano Tutorial Synthesia (Download MIDI),2017-04-20,258,1169,https://www.youtube.com/watch?v=0DNx81ALuW8
The Imperial March - Star Wars - Piano Tutorial Synthesia (Download MIDI),2017-04-20,174,6159,https://www.youtube.com/watch?v=q4F9xq8WbJw
James Arthur - Say You Won't Let Go - Piano Tutorial Synthesia (Download MIDI),2017-04-20,205,1456,https://www.youtube.com/watch?v=iGabQcj45h4
Ed Sheeran - Nancy Mulligan - [Piano Tutorial] (Synthesia) (Download MIDI + PDF Scores),2017-04-30,94,4945,https://www.youtube.com/watch?v=3oKhaeNlkis
Alan Walker - Faded - [Piano Tutorial] (Synthesia) (Download MIDI + PDF Scores),2017-04-30,211,38499,https://www.youtube.com/watch?v=ADiGiK75FMM
Jacques Offenbach - Can Can - Piano Tutorial Synthesia (Download MIDI),2017-04-30,122,3539,https://www.youtube.com/watch?v=OO4XZvUASjA
Ennio Morricone - Chi Mai (Le Professionnel) - Piano Tutorial Synthesia (Download MIDI),2017-05-09,157,30002,https://www.youtube.com/watch?v=vI-6FVUpS8Q
Vittorio Monti - Czardas (Csárdás) - Piano Tutorial Synthesia (Download MIDI + PDF Sheets),2017-05-09,273,222572,https://www.youtube.com/watch?v=gBIQQGjda6g
Alvaro Soler - Sofia - [Piano Tutorial] (Synthesia) (Download MIDI + PDF Scores),2017-05-13,137,2002,https://www.youtube.com/watch?v=lmDDn6upI9g
Christina Perri - A Thousand Years - Piano Tutorial Synthesia (Download MIDI),2017-05-13,284,3594,https://www.youtube.com/watch?v=hzu2zhFY9Rs
Harry Styles - Sign Of The Times - Piano Tutorial Synthesia (Download MIDI),2017-05-15,299,1176,https://www.youtube.com/watch?v=xLWah1U8F9M
Taylor Swift & Zayn - I Don't Wanna Live Forever - Piano Tutorial Synthesia (Download MIDI),2017-05-17,245,630,https://www.youtube.com/watch?v=lEt1HeaxxjQ
The Chainsmokers - Paris - Piano Tutorial Synthesia (Download MIDI),2017-05-21,178,843,https://www.youtube.com/watch?v=-65CyW5vkwQ
Metallica - Nothing Else Matters - [Piano Tutorial] (Synthesia) (Download MIDI + PDF Scores),2017-05-21,389,6252,https://www.youtube.com/watch?v=bCaWwQSwAck
Guns N' Roses - November Rain - Piano Tutorial Synthesia (Download MIDI),2017-05-22,293,2137,https://www.youtube.com/watch?v=uPozk5tHcJk
The Phantom Of The Opera - Theme - Piano Tutorial Synthesia (Download MIDI),2017-05-29,274,2250,https://www.youtube.com/watch?v=Gv1YBupPm8c
Ed Sheeran - Castle On The Hill - [Piano Tutorial Synthesia] (Download MIDI),2017-05-22,92,1121,https://www.youtube.com/watch?v=zPl3CkfxJFA
Ed Sheeran - Thinking Out Loud - [Piano Tutorial Synthesia] (Download MIDI),2017-06-04,278,1450,https://www.youtube.com/watch?v=eWRBGHHCrbc
Eric Thiman - Flood Time [Piano Tutorial Synthesia] (Download MIDI + PDF Sheets),2017-05-29,83,31097,https://www.youtube.com/watch?v=jbrwJslsXoE
Ludwig Van Beethoven - 5th Symphony in C Minor - Piano Tutorial Synthesia (Download MIDI),2017-06-07,156,2753,https://www.youtube.com/watch?v=9SHSDP7xPLE
Alan Walker - Alone - Piano Tutorial Synthesia (Download MIDI),2017-06-07,159,5278,https://www.youtube.com/watch?v=ksJiCiKVtos
Angry Birds Theme Song - Piano Tutorial Synthesia (Download MIDI),2017-06-07,70,4013,https://www.youtube.com/watch?v=QgM6w_md5qg
"Antonio Vivaldi - The Four Seasons, Summer, Op.8, Presto - Piano Tutorial Synthesia (Download MIDI)",2017-06-07,198,1826,https://www.youtube.com/watch?v=D7VNWcOX5no
One Direction - That's What Makes You Beautiful - Piano Tutorial Synthesia (Download MIDI),2017-06-11,179,962,https://www.youtube.com/watch?v=x9ik1H-8bLA
Rihanna - Love On The Brain - Piano Tutorial Synthesia (Download MIDI),2017-06-10,257,848,https://www.youtube.com/watch?v=RTp892FXxXA
Shawn Mendes - Mercy - Piano Tutorial Synthesia (Download MIDI),2017-06-10,210,1288,https://www.youtube.com/watch?v=8X7phwuVEiM
Yann Tiersen - La Noyée - Piano Tutorial Synthesia (Download MIDI),2017-06-18,139,811,https://www.youtube.com/watch?v=XTIZWIngr1U
Twenty One Pilots - Stressed Out - Piano Tutorial Synthesia (Download MIDI),2017-06-18,297,2432,https://www.youtube.com/watch?v=V_RZz8fCRZs
League of Legends Medley - Piano Tutorial Synthesia (Download MIDI),2017-06-22,190,1158,https://www.youtube.com/watch?v=svaC9p6qLbk
Two Steps From Hell - Victory - [Piano Tutorial] (Synthesia) (Download MIDI + PDF Scores),2017-06-24,276,21862,https://www.youtube.com/watch?v=-qMpTH9qKLw
The Legend of Zelda - Mipha's Theme - Piano Tutorial Synthesia (Download MIDI),2017-06-24,90,1979,https://www.youtube.com/watch?v=RMrpGczJYQg
One Punch Man - THE HERO!! - Piano Tutorial Synthesia (Download MIDI),2017-07-04,48,3068,https://www.youtube.com/watch?v=l3NmKsI2O0w
Undertale Boss Theme Medley - Piano Tutorial Synthesia (Download MIDI),2017-07-04,607,1636,https://www.youtube.com/watch?v=e0V1d7qIXWg
"DJ Khaled - I'm the One ft.Bieber, Quavo, Lil Wayne - Piano Tutorial Synthesia (Download MIDI)",2017-07-08,281,565,https://www.youtube.com/watch?v=qjIMUfTRwoY
Twenty One Pilots - Heathens - Piano Tutorial Synthesia (Download MIDI),2017-07-10,191,1808,https://www.youtube.com/watch?v=v-czO_ElUms
Luis Fonsi - Despacito ft. Daddy Yankee - Piano Tutorial Synthesia (Download MIDI),2017-07-19,201,6760,https://www.youtube.com/watch?v=KneELazCmxw
"Final Fantasy XIV - Sophia, The Goddess Theme - Equilibrium - Piano Tutorial Synthesia (MIDI)",2017-07-19,176,3312,https://www.youtube.com/watch?v=ZI0-lyHHSIQ
Sia - The Greatest - Piano Tutorial Synthesia (Download MIDI),2017-07-20,196,827,https://www.youtube.com/watch?v=kX5IVmLm5X8
Julia Michaels - Issues - Piano Tutorial Synthesia (Download MIDI),2017-07-21,175,879,https://www.youtube.com/watch?v=-cd_SwIUXKE
Sia - Helium - Piano Tutorial Synthesia (Download MIDI),2017-07-20,220,1273,https://www.youtube.com/watch?v=icRS1QSRQcI
Charlie Puth - Attention - Piano Tutorial Synthesia (Download MIDI),2017-07-21,210,2835,https://www.youtube.com/watch?v=MT4H_tpZgi4
Charlie Puth ft. Selena Gomez - We Don't Talk Anymore - Piano Tutorial Synthesia (Download MIDI),2017-07-21,241,1318,https://www.youtube.com/watch?v=h_wOE68aTAQ
BTS - I Need U x Run Mashup - Piano Tutorial Synthesia (Download MIDI),2017-07-22,257,2909,https://www.youtube.com/watch?v=LxwfR9MaHf4
Deemo - Reflection Mirror Night - Piano Tutorial Synthesia (Download MIDI),2017-07-22,255,1048,https://www.youtube.com/watch?v=7Yu3dFtla2s
Undertale - Papyrus Bonetrousle - Piano Tutorial Synthesia (Download MIDI),2017-07-22,170,2491,https://www.youtube.com/watch?v=5V1UJtnzt_0
Edvard Grieg - March of the Trolls - Piano Tutorial Synthesia (Download MIDI),2017-07-29,177,1956,https://www.youtube.com/watch?v=I_nWIu8qkvU
Chopin - Fantaisie Impromptu - Op. 66 - Piano Tutorial Synthesia (Download MIDI),2017-07-29,278,3013,https://www.youtube.com/watch?v=hkFT-v7k4R0
Daybreak - Piano Solo in C Major - Piano Tutorial Synthesia (Download MIDI),2017-07-29,168,2513,https://www.youtube.com/watch?v=QFMdNKops6I
Persona 5 - Hymn of the Soul - Piano Tutorial Synthesia (Download MIDI + PDF Scores),2017-07-30,141,29735,https://www.youtube.com/watch?v=VTTBpqjlaXY
Joe Cocker - You Are So Beautiful - [Piano Tutorial] (Synthesia) (Download MIDI + PDF Scores),2017-07-29,179,1305,https://www.youtube.com/watch?v=07NUcf-b1S0
Calvin Harris ft. Rihanna -This is what you came for - Piano Tutorial Synthesia (Download MIDI),2017-07-30,228,403,https://www.youtube.com/watch?v=Fc3wZlpHn5E
Lukas Graham - 7 Years - Piano Tutorial Synthesia (Download MIDI),2017-07-30,235,3629,https://www.youtube.com/watch?v=D6tEQyDAqLg
Sia - Cheap Thrills - Piano Tutorial Synthesia (Download MIDI),2017-08-01,145,1230,https://www.youtube.com/watch?v=lJCWQ2kVfm0
DNCE - Cake By The Ocean - Piano Tutorial Synthesia (Download MIDI),2017-08-01,282,810,https://www.youtube.com/watch?v=T-_GPaAihI4
The Weeknd - Can't Feel My Face - Piano Tutorial Synthesia (Download MIDI),2017-08-01,191,913,https://www.youtube.com/watch?v=pojx-hB-LJM
Charlie Puth - One Call Away - Piano Tutorial Synthesia (Download MIDI),2017-08-03,216,952,https://www.youtube.com/watch?v=fkfhb2pmJjU
Shakira - Try Everything - Zootopia - Piano Tutorial Synthesia (Download MIDI),2017-08-03,193,1193,https://www.youtube.com/watch?v=jDozdnjxUFc
Chopin - Etude Op. 10 No. 5 (Black Keys) - Piano Tutorial Synthesia (Download MIDI),2017-08-03,96,2514,https://www.youtube.com/watch?v=bk-BuwBLwRc
Ed Sheeran - Perfect - [Piano Tutorial] (Synthesia) (Download MIDI + PDF Scores),2017-08-07,119,16389,https://www.youtube.com/watch?v=_bUUciU6Gvc
Discord - The Living Tombstone - [Piano Tutorial] (Synthesia) (Download MIDI + PDF Scores),2017-08-09,172,38751,https://www.youtube.com/watch?v=CN9MuX33mIU
R.E.M. - Man On The Moon - Piano Tutorial Synthesia (Download MIDI),2017-08-09,129,1084,https://www.youtube.com/watch?v=wMOqH8u4OOE
Justin Bieber - Sorry - Piano Tutorial Synthesia (Download MIDI),2017-08-09,95,1280,https://www.youtube.com/watch?v=WNDzP6gtL9s
Skyrim Theme - Piano Tutorial Synthesia (Download MIDI),2017-08-13,126,3869,https://www.youtube.com/watch?v=8J_BhrfJkoY
Five Nights at Freddy’s Theme - Piano Tutorial Synthesia (Download MIDI),2017-08-13,148,2043,https://www.youtube.com/watch?v=18aaTknvLyQ
My Chemical Romance - Welcome To The Black Parade - Piano Tutorial Synthesia (Download MIDI),2017-08-13,194,1427,https://www.youtube.com/watch?v=lQ9G9QS0rFI
Congfei Wei - Bluestone Alley - Piano Tutorial Synthesia (Download MIDI),2017-08-14,111,762,https://www.youtube.com/watch?v=zvcsOmOxq44
Auli'i Cravalho - How Far I'll Go (Moana Theme) - Piano Tutorial Synthesia (Download MIDI),2017-08-14,140,1485,https://www.youtube.com/watch?v=MFRyJxsmNl0
Franz Liszt - Liebestraum No. 3 - Piano Tutorial Synthesia (Download MIDI),2017-08-16,234,2269,https://www.youtube.com/watch?v=RIajuBYFFwE
"Chopin - Waltz Opus 64, No. 2 in C♯ Minor - Piano Tutorial Synthesia (Download MIDI)",2017-08-16,227,1476,https://www.youtube.com/watch?v=LwCs1BIv6DU
"Mozart - Sonata No. 16, 1st Movement K. 545 - [Piano Tutorial Synthesia] (Download MIDI)",2017-08-16,269,1719,https://www.youtube.com/watch?v=5oHQ1WbBuSQ
Chopin - Nocturne No. 21 in C Minor - Piano Tutorial Synthesia (Download MIDI),2017-08-16,158,2133,https://www.youtube.com/watch?v=NmvVe501hLQ
Steven Universe - Full Theme - [Piano Tutorial] (Synthesia) (Download MIDI + PDF Scores),2017-08-17,149,2785,https://www.youtube.com/watch?v=3ewazuyfFtI
Undertale - Spider Dance - Piano Tutorial Synthesia (Download MIDI),2017-08-17,110,4710,https://www.youtube.com/watch?v=stOHKySR6-A
BTS - Butterfly - Piano Tutorial Synthesia (Download MIDI),2017-08-17,198,1469,https://www.youtube.com/watch?v=-y8o7-XsD5k
Twenty One Pilots - Implicit Demand For Proof - [Piano Tutorial] (Download MIDI + Scores),2017-08-19,287,10171,https://www.youtube.com/watch?v=K-2ab-806r8
"Ludwig Van Beethoven - Sonate No.17, Tempest, 3rd Mov - Piano Tutorial Synthesia(Download MIDI)",2017-08-19,435,1490,https://www.youtube.com/watch?v=dNykeC53JCU
Joe Hisaishi - One Summer's Day (Spirited Away) - Piano Tutorial Synthesia (Download MIDI),2017-08-19,207,3381,https://www.youtube.com/watch?v=SFjeAbVq3IU
BTS - Save Me - Piano Tutorial Synthesia (Download MIDI),2017-08-20,112,2523,https://www.youtube.com/watch?v=A9QQTK8BTI8
Michael Ortega - It's Hard To Say Goodbye - Piano Tutorial Synthesia (Download MIDI),2017-08-20,227,1264,https://www.youtube.com/watch?v=s7CMIJIqj4o
My Chemical Romance - Cancer - Piano Tutorial Synthesia (Download MIDI),2017-08-20,90,615,https://www.youtube.com/watch?v=0fzUSUglpMg
Ken Arai - Next To You (Parasite OST) - Piano Tutorial Synthesia (Download MIDI),2017-08-26,92,3633,https://www.youtube.com/watch?v=girEeLHsGEE
Joe Hisaishi - Laputa - Castle In The Sky Theme - EASY [Piano Tutorial] (Download MIDI + Scores),2017-08-26,102,47927,https://www.youtube.com/watch?v=rU4CX_EFrNs
Requiem for a Dream - Main Theme - EASY - Piano Tutorial Synthesia (Download MIDI),2017-08-27,112,2574,https://www.youtube.com/watch?v=84JJDtesQdE
Assassin's Creed 3 - Main Theme - EASY - Piano Tutorial Synthesia (Download MIDI + PDF Sheets),2017-08-27,178,59768,https://www.youtube.com/watch?v=gSx7ZyKbHxs
Tuukka Jokilehto - A Love Story - EASY - Piano Tutorial Synthesia (Download MIDI),2017-08-30,131,897,https://www.youtube.com/watch?v=-ZVNsZUR4CU
"G-Eazy ft. Bebe Rexha - Me, Myself & I - Piano Tutorial Synthesia (Download MIDI)",2017-08-30,69,707,https://www.youtube.com/watch?v=-L27_MH3RmA
Mozart - Eine Kleine Nachtmusik - EASY - [Piano Tutorial Synthesia] (Download MIDI),2017-08-30,51,1703,https://www.youtube.com/watch?v=mfpr2dxwctw
Johann Sebastian Bach - 1st Prelude - EASY - Piano Tutorial Synthesia (Download MIDI),2017-09-02,143,1148,https://www.youtube.com/watch?v=n98eTe1mYVM
Louis Armstorng - What a Wonderful World - Piano Tutorial Synthesia (Download MIDI),2017-09-02,136,2061,https://www.youtube.com/watch?v=E0syFfJ041s
Tuukka Jokilehto - Serenity - EASY - Piano Tutorial Synthesia (Download MIDI),2017-09-02,141,485,https://www.youtube.com/watch?v=eqNGigK9_rU
Howard Shore - In Dreams - Lord of the Rings Theme - EASY - Piano Tutorial Synthesia (Download MIDI),2017-09-02,86,3392,https://www.youtube.com/watch?v=YKJzyDrKbxo
Israel IZ Kamakawiwo'ole - Somewhere over the Rainbow EASY Piano Tutorial Synthesia (Download MIDI),2017-09-02,75,2437,https://www.youtube.com/watch?v=vRQGVdtjDFc
Joe Hisaishi - Ballade (Brothers) - [Piano Tutorial] (Synthesia) (Download MIDI + PDF Scores),2017-09-09,251,8202,https://www.youtube.com/watch?v=tUIEj8eVO6c
Justin Bieber - Nothing Like Us - Piano Tutorial Synthesia (Download MIDI),2017-09-10,184,462,https://www.youtube.com/watch?v=llGm0Zbsejk
ZAYN ft Sia - Dusk Till Dawn - Piano Tutorial Synthesia (Download MIDI),2017-09-16,261,4111,https://www.youtube.com/watch?v=B_cf66twP1g
Tchaikovsky - Seasons Op.37a June - Barcarolle (G minor) Piano Tutorial Synthesia (Download MIDI),2017-09-16,280,1318,https://www.youtube.com/watch?v=rbFcph7YpOQ
Marshmello ft. Khalid - Silence - Piano Tutorial Synthesia (Download MIDI + PDF Sheets),2017-09-16,180,2000,https://www.youtube.com/watch?v=DKjXPJ869SU
Sabrina Carpenter - Why - Piano Tutorial Synthesia (Download MIDI),2017-09-16,174,310,https://www.youtube.com/watch?v=sPY2D0sX13s
One Direction - If I Could Fly - Piano Tutorial Synthesia (Download MIDI),2017-09-17,228,385,https://www.youtube.com/watch?v=e3rw1AdsIj8
Martin Garrix & Dua Lipa - Scared To Be Lonely - Piano Tutorial Synthesia (Download MIDI),2017-09-17,197,486,https://www.youtube.com/watch?v=US1niu97TtU
Taylor Swift - Haunted - Piano Tutorial Synthesia (Download MIDI),2017-09-24,239,429,https://www.youtube.com/watch?v=wclFpg5kJKE
Shawn Mendes - Life of The Party [Piano Tutorial Synthesia] (Download MIDI + PDF Scores),2017-09-24,213,61303,https://www.youtube.com/watch?v=vEO_iclPWc8
Katy Perry - Dark Horse - Piano Tutorial Synthesia (Download MIDI),2017-09-24,148,665,https://www.youtube.com/watch?v=-Y9BIfiFRwE
Taylor Swift - Never Grow Up - Piano Tutorial Synthesia (Download MIDI),2017-09-24,290,3531,https://www.youtube.com/watch?v=oxEj-5ezPIg
Linkin Park - Roads Untraveled - Piano Tutorial Synthesia (Download MIDI),2017-09-24,364,2161,https://www.youtube.com/watch?v=v-A7RZ5JI-g
The Beatles - Yesterday - EASY - Piano Tutorial Synthesia (Download MIDI),2017-09-24,116,1709,https://www.youtube.com/watch?v=_er581yDk3Q
Clean Bandit feat. Zara Larsson - Symphony - Piano Tutorial Synthesia (Download MIDI),2017-09-24,214,942,https://www.youtube.com/watch?v=qtVzh1UtnEs
Linkin Park - Iridescent - Piano Tutorial Synthesia (Download MIDI),2017-09-24,223,906,https://www.youtube.com/watch?v=-jwnsbZwfgc
The Beatles - Hey Jude - Piano Tutorial Synthesia (Download MIDI),2017-09-24,172,2316,https://www.youtube.com/watch?v=df7od9Mx0AQ
The Flash - Main Theme - [Piano Tutorial] (Synthesia) (Download MIDI + PDF Scores),2017-10-06,172,2635,https://www.youtube.com/watch?v=V_afors1Dmo
Elton John - I am Still Standing - [Piano Tutorial] (Synthesia) (Download MIDI + PDF Scores),2017-10-06,136,7619,https://www.youtube.com/watch?v=JKqJazPWQ_w
Coldplay - Paradise - EASY - Piano Tutorial Synthesia (Download MIDI),2017-10-07,257,1514,https://www.youtube.com/watch?v=Vy9lEQJM6y0
Elton John - Can You Feel The Love Tonight - Piano Tutorial Synthesia (Download MIDI),2017-10-07,173,1072,https://www.youtube.com/watch?v=TsZtw82AiyI
Naruto - Sadness and Sorrow - Piano Tutorial Synthesia (Download MIDI),2017-10-07,162,3788,https://www.youtube.com/watch?v=eQkuj0C7kWY
Shawn Mendes - Stitches - Piano Tutorial Synthesia (Download MIDI),2017-10-14,217,1360,https://www.youtube.com/watch?v=Zic8Fsb94h0
John Murphy - Adagio In D Minor (Sunshine) - [Piano Tutorial] (Download MIDI + PDF Scores),2017-10-14,168,5318,https://www.youtube.com/watch?v=9kulFzlqByE
Eminem - Lose Yourself - Piano Tutorial Synthesia (Download MIDI),2017-10-14,134,4629,https://www.youtube.com/watch?v=2EyNtfYdJG0
Tommee Profit - Carol of the Bells - [Piano Tutorial] (Synthesia) (Download MIDI + PDF Scores),2017-10-20,166,6321,https://www.youtube.com/watch?v=GGvJfjTJaKU
Tommee Profit - Carol Of The Bells - EASY - [Piano Tutorial] (Download MIDI + PDF Scores),2017-10-20,146,762,https://www.youtube.com/watch?v=dQP3HrM6ErQ
Franz Gruber - Silent Night - EASY - [Piano Tutorial] (Synthesia) (Download MIDI + PDF Scores),2017-10-20,98,860,https://www.youtube.com/watch?v=xPoeAhrEcK4
Franz Gruber - Silent Night - (Stille Nacht) - [Piano Tutorial] (Download MIDI + PDF Scores),2017-10-20,55,751,https://www.youtube.com/watch?v=urgjrq1AEvU
Queen - Bohemian Rhapsody - Piano Tutorial Synthesia (Download MIDI),2017-10-23,375,6412,https://www.youtube.com/watch?v=hDsW6vDWjho
Chopin - Ballade No. 1 in G Minor - Piano Tutorial Synthesia (Download MIDI),2017-10-23,506,2055,https://www.youtube.com/watch?v=0Dj1n_Ci7U8
Hans Zimmer - First Step - Interstellar - Piano Tutorial Synthesia (Download MIDI),2017-10-23,163,6569,https://www.youtube.com/watch?v=GrhuR1eximA
Chopin - Etude Opus 25 No.11 (Winter Wind) - Piano Tutorial Synthesia (Download MIDI),2017-10-23,198,1651,https://www.youtube.com/watch?v=i8xhAqk8Hqg
Silent Hill - Not Tomorrow - Piano Tutorial Synthesia (Download MIDI),2017-10-24,120,1790,https://www.youtube.com/watch?v=RaszEEdPSsE
Georges Bizet - Carmen - Habanera - Piano Tutorial Synthesia (Download MIDI),2017-10-24,77,2558,https://www.youtube.com/watch?v=V24t3NQ-rsY
Enya - Only time - Piano Tutorial Synthesia (Download MIDI),2017-10-28,211,1727,https://www.youtube.com/watch?v=Pr7OBhNsJXc
Josh Groban - You Raise Me Up - Piano Tutorial Synthesia (Download MIDI),2017-10-28,197,2148,https://www.youtube.com/watch?v=-v_lpE4j5Ss
Ed Sheeran - I See Fire - The Hobbit  - Piano Tutorial Synthesia (Download MIDI),2017-10-28,271,1798,https://www.youtube.com/watch?v=4f2Vnu2ILTQ
Scorpions - Wind of Change - Piano Tutorial Synthesia (Download MIDI),2017-11-06,302,1472,https://www.youtube.com/watch?v=n5A328TkrPM
Rammstein - Mutter - Piano Tutorial Synthesia (Download MIDI),2017-11-06,248,1406,https://www.youtube.com/watch?v=pmwBzotpJHw
Scorpions - Lorelei - [Piano Tutorial] (Synthesia) (Download MIDI + PDF Scores),2017-11-06,265,3123,https://www.youtube.com/watch?v=hdX6bNUH4DA
Sarah Connor - Living To Love You - Piano Tutorial Synthesia (Download MIDI),2017-11-12,258,545,https://www.youtube.com/watch?v=Y_odcJMmNpo
Scorpions - Maybe I Maybe You - [Piano Tutorial] (Synthesia) (Download MIDI + PDF Scores),2017-11-12,97,2603,https://www.youtube.com/watch?v=HhZOXBsCrrE
Yiruma - Spring Time - Piano Tutorial Synthesia (Download MIDI),2017-11-12,283,33450,https://www.youtube.com/watch?v=WTpBKtgQ-CQ
Whitney Houston - Run To You - Piano Tutorial Synthesia (Download MIDI),2017-11-12,216,3821,https://www.youtube.com/watch?v=HBhLdK_1u7U
Adriano Celentano - Confessa - Piano Tutorial Synthesia (Download MIDI),2017-11-19,283,1493,https://www.youtube.com/watch?v=-IJdYDgMaHk
Camila Cabello - Havana - [Piano Tutorial] (Synthesia) (Download MIDI + PDF Scores),2017-11-23,215,7651,https://www.youtube.com/watch?v=E18GajZMCls
Green Day - Boulevard of Broken Dreams - EASY - Piano Tutorial Synthesia (Download MIDI),2017-11-23,166,1968,https://www.youtube.com/watch?v=TjTZOsSpfJ4
The 1975 - Somebody Else - Piano Tutorial Synthesia (Download MIDI),2017-11-23,341,1995,https://www.youtube.com/watch?v=Ue-I9OUjNiw
Zayn Malik - Pillow Talk - Piano Tutorial Synthesia (Download MIDI),2017-11-23,204,476,https://www.youtube.com/watch?v=Ppt_rLkAhnI
Future - Mask Off - Piano Tutorial Synthesia (Download MIDI),2017-11-24,61,3911,https://www.youtube.com/watch?v=brLwmZQE8xk
We Wish You A Merry Christmas - [Piano Tutorial] (Synthesia) (Download MIDI + PDF Scores),2017-11-24,86,2598,https://www.youtube.com/watch?v=vg_dPrxE3XA
Christmas Snow - [Piano Tutorial] (Synthesia) (Download MIDI + PDF Scores),2017-11-24,127,8788,https://www.youtube.com/watch?v=6B2PR3r0ZFA
Melanie Martinez - Cake - Piano Tutorial Synthesia (Download MIDI + PDF Scores),2017-12-09,215,26921,https://www.youtube.com/watch?v=cU1XaCrW0dY
Jingle Bells - EASY - [Piano Tutorial] (Synthesia) (Download MIDI + PDF Scores),2017-12-09,67,3675,https://www.youtube.com/watch?v=M3MrPWX1kCk
Niall Horan - Slow Hands [Piano Tutorial Synthesia] (Download MIDI),2017-12-09,190,260,https://www.youtube.com/watch?v=wmvzDVee0v4
Liam Payne - Strip That Down - Piano Tutorial Synthesia (Download MIDI),2017-12-09,207,336,https://www.youtube.com/watch?v=7jysVMkCWRc
Bruno Mars - Talking to the Moon - [Piano Tutorial] (Synthesia) (Download MIDI + PDF Scores),2017-12-09,208,356313,https://www.youtube.com/watch?v=_qWCPxNiRnA
Lady Gaga - The Cure - Piano Tutorial Synthesia (Download MIDI),2017-12-10,210,414,https://www.youtube.com/watch?v=_D6SyUIny2E
Miley Cyrus - Malibu - Piano Tutorial Synthesia (Download MIDI),2017-12-10,239,324,https://www.youtube.com/watch?v=-JT05b-e67o
Christina Aguilera and A Great Big World - Say Something - Piano Tutorial Synthesia (Download MIDI),2017-12-10,198,403,https://www.youtube.com/watch?v=uBQsU9xIPa4
Goodbye - Hachiko Theme - EASY - [Piano Tutorial] (Synthesia) (Download MIDI + PDF Scores),2017-12-10,139,171221,https://www.youtube.com/watch?v=PjftUHqOueI
Bruno Mars - When I Was Your Man - Piano Tutorial Synthesia (Download MIDI),2017-12-10,172,1617,https://www.youtube.com/watch?v=XkFH8RZ2Apg
"Mary, Did You Know - Christmas Song - [Piano Tutorial] (Synthesia) (Download MIDI + PDF Scores)",2017-12-24,196,1046,https://www.youtube.com/watch?v=7auRzxBOODo
Hans Zimmer - Inception - [Piano Tutorial Synthesia] (Download MIDI),2017-12-24,268,1345,https://www.youtube.com/watch?v=784oIGQHMTk
Mozart - Lacrimosa (Requiem) - [Piano Tutorial Synthesia] (Download MIDI),2017-12-24,173,7234,https://www.youtube.com/watch?v=sonUj4SgrmM
Hozier - Take Me To Church - [Piano Tutorial Synthesia] (Download MIDI),2017-12-24,211,2192,https://www.youtube.com/watch?v=F8KcdL3dAEI
Coldplay - The Scientist - [Piano Tutorial Synthesia] (Download MIDI),2017-12-24,295,3437,https://www.youtube.com/watch?v=aHZGQmvxGDQ
Sam Smith - Stay With Me - [Piano Tutorial Synthesia] (Download MIDI),2017-12-31,175,1160,https://www.youtube.com/watch?v=JRvfupSt33E
Claude Debussy - Clair de Lune - [Piano Tutorial Synthesia] (Download MIDI),2017-12-31,206,1946,https://www.youtube.com/watch?v=BnYbkoJ9WB0
Coldplay - Fix You - [Piano Tutorial Synthesia] (Download MIDI),2017-12-31,288,1876,https://www.youtube.com/watch?v=Bsh7t4mk3CM
Let It Snow - [Piano Tutorial] (Synthesia) (Download MIDI + PDF Scores),2017-12-31,105,1658,https://www.youtube.com/watch?v=qEBC0GhuBKU
Wham! - Last Christmas - [Piano Tutorial] (Synthesia) (Download MIDI + PDF Scores),2017-12-31,107,1741,https://www.youtube.com/watch?v=tInCkEaASds
Mariah Carey - All I Want For Christmas Is You - [Piano Tutorial Synthesia] (Download MIDI),2018-01-05,209,978,https://www.youtube.com/watch?v=6hUEiOZ_50I
Taylor Swift - New Year's Day - [Piano Tutorial Synthesia] (Download MIDI),2018-01-05,236,276,https://www.youtube.com/watch?v=iU88RDICjkY
Alan Walker - All Falls Down - [Piano Tutorial Synthesia] (Download MIDI),2018-01-05,195,1885,https://www.youtube.com/watch?v=g2IOl5GYeE8
We The Kings - Sad Song - [Piano Tutorial] (Synthesia) (Download MIDI + PDF Scores),2018-01-05,206,20307,https://www.youtube.com/watch?v=D2WOWFi_Oxw
Dua Lipa - New Rule - [Piano Tutorial Synthesia] (Download MIDI),2018-01-05,203,1984,https://www.youtube.com/watch?v=ogK9bRBnR0A
Rammstein - Mein Herz Brennt - [Piano Tutorial Synthesia] (Download MIDI),2018-01-20,271,1648,https://www.youtube.com/watch?v=tXYrGkqpxT4
The Chainsmokers - Sick Boy - [Piano Tutorial Synthesia] (Download MIDI),2018-01-20,196,740,https://www.youtube.com/watch?v=CfcZ0ZucBbE
Sam Smith - Too Good At Goodbyes - [Piano Tutorial Synthesia] (Download MIDI),2018-01-20,209,586,https://www.youtube.com/watch?v=Prtu7SPeW7c
"Camila Cabello, Machine Gun Kelly (MGK) - Bad Things - [Piano Tutorial Synthesia] (Download MIDI)",2018-01-20,91,481,https://www.youtube.com/watch?v=maVQFeX7JA4
James Arthur - Naked - [Piano Tutorial Synthesia] (Download MIDI),2018-01-20,161,981,https://www.youtube.com/watch?v=JMhiRk7NM6I
Enrique Iglesias - Subeme la Radio - [Piano Tutorial Synthesia] (Download MIDI),2018-01-26,138,413,https://www.youtube.com/watch?v=fm0OhrKQNr0
Imagine Dragons - Whatever It Takes - [Piano Tutorial Synthesia] (Download MIDI),2018-01-26,224,684,https://www.youtube.com/watch?v=vorji4tLdmk
Troye Sivan - Youth - [Piano Tutorial Synthesia] (Download MIDI),2018-02-04,175,2179,https://www.youtube.com/watch?v=oe99qGAppbQ
Imagine Dragons - Believer - [Piano Tutorial] (Synthesia) (Download MIDI + PDF Scores),2018-02-04,195,5729,https://www.youtube.com/watch?v=JYFoWYsEK_s
"Melanie Martinez - Tag, You're It - [Piano Tutorial Synthesia] (Download MIDI)",2018-02-04,184,877,https://www.youtube.com/watch?v=Gja8L3pPAP8
Zedd ft. Alessia Cara - Stay - [Piano Tutorial Synthesia] (Download MIDI),2018-02-10,204,432,https://www.youtube.com/watch?v=6CXUdWqjWPs
Imagine Dragons - Demons - [Piano Tutorial Synthesia] (Download MIDI),2018-02-10,178,1817,https://www.youtube.com/watch?v=pcR3YaG1d9Y
Troye Sivan - Blue Moon - EASY - [Piano Tutorial Synthesia] (Download MIDI),2018-02-10,201,561,https://www.youtube.com/watch?v=69yYGwhbc2o
Melanie Martinez - Soap - EASY - [Piano Tutorial] (Synthesia) (Download MIDI + PDF Scores),2018-02-16,100,32000,https://www.youtube.com/watch?v=D4q_Du75lac
Imagine Dragons - Radioactive - [Piano Tutorial Synthesia] (Download MIDI),2018-02-16,208,1242,https://www.youtube.com/watch?v=eXJiKuvaUHI
Melanie Martinez - Mad Hatter - [Piano Tutorial Synthesia] (Download MIDI),2018-02-16,205,828,https://www.youtube.com/watch?v=xoyt_0PI6Rs
Marshmello ft. Anne-Marie - Friends - [Piano Tutorial Synthesia] (Download MIDI + PDF Sheets),2018-03-04,212,1452,https://www.youtube.com/watch?v=faoCh39tvQ4
Eminem ft. Ed Sheeran - River - [Piano Tutorial Synthesia] (Download MIDI),2018-03-05,77,676,https://www.youtube.com/watch?v=ETklpcIxGag
Kesha - Praying - [Piano Tutorial Synthesia] (Download MIDI),2018-03-05,233,439,https://www.youtube.com/watch?v=CN-lBvYvVbY
Niall Horan - Too Much To Ask - [Piano Tutorial Synthesia] (Download MIDI),2018-03-10,250,182,https://www.youtube.com/watch?v=tbF7ajNPH40
Post Malone ft. 21 Savage - Rockstar - [Piano Tutorial Synthesia] (Download MIDI),2018-03-10,223,1303,https://www.youtube.com/watch?v=YRR6TS4wU8I
Maroon 5 ft. Kendrick Lamar - Don't Wanna Know - [Piano Tutorial Synthesia] (Download MIDI),2018-03-17,218,330,https://www.youtube.com/watch?v=umX9FASrNNU
Marshmello ft. Selena Gomez - Wolves - [Piano Tutorial Synthesia] (Download MIDI),2018-03-17,198,1185,https://www.youtube.com/watch?v=TGKNrf8LYL4
Charlie Puth - How Long - [Piano Tutorial Synthesia] (Download MIDI),2018-03-17,218,641,https://www.youtube.com/watch?v=6b6Vkf7H4Uk
Shawn Mendes - In My Blood - [Piano Tutorial Synthesia] (Download MIDI + PDF Sheets),2018-03-29,201,829,https://www.youtube.com/watch?v=HgR9Ras4Lks
Halsey - Young God - [Piano Tutorial Synthesia] (Download MIDI),2018-03-30,167,749,https://www.youtube.com/watch?v=8SzLOiKskD8
Hailee Steinfeld - Starving - [Piano Tutorial Synthesia] (Download MIDI),2018-03-30,186,247,https://www.youtube.com/watch?v=-zS6qGk7jpc
Bruno Mars - Count On Me - [Piano Tutorial] (Synthesia) (Download MIDI + PDF Scores),2018-03-30,196,23363,https://www.youtube.com/watch?v=lXkuQGf5Dhw
Zara Larsson - Lush Life - [Piano Tutorial Synthesia] (Download MIDI),2018-04-08,206,471,https://www.youtube.com/watch?v=cfsqXH1A73w
Justin Timberlake - Say Something - [Piano Tutorial Synthesia] (Download MIDI),2018-04-08,301,821,https://www.youtube.com/watch?v=odI7DwuWd8E
Ed Sheeran - Happier - [Piano Tutorial Synthesia] (Download MIDI),2018-04-08,214,1282,https://www.youtube.com/watch?v=FGReV9jjKI8
Halsey - New Americana - [Piano Tutorial Synthesia] (Download MIDI),2018-04-08,190,381,https://www.youtube.com/watch?v=yEw_b1cAHjs
Shawn Mendes - Lost In Japan - [Piano Tutorial Synthesia] (Download MIDI + PDF Sheets),2018-04-13,193,1627,https://www.youtube.com/watch?v=0BoqFeC-ZrY
Halsey - Is There Somewhere - [Piano Tutorial Synthesia] (Download MIDI),2018-04-14,228,580,https://www.youtube.com/watch?v=X39y_TQl8_I
Halsey - Sorry - [Piano Tutorial Synthesia] (Download MIDI),2018-04-14,214,1597,https://www.youtube.com/watch?v=gXOr_E5yB1U
The Vamps - Wild Heart - EASY - [Piano Tutorial Synthesia] (Download MIDI + PDF Sheets),2018-04-21,182,2859,https://www.youtube.com/watch?v=KiYt9ZKkkMc
Avicii - Broken Arrow - EASY - [Piano Tutorial Synthesia] (Download MIDI + PDF Sheets),2018-04-21,88,616,https://www.youtube.com/watch?v=RNSlBgKYvPQ
Katy Perry - Roar - EASY - [Piano Tutorial Synthesia] (Download MIDI + PDF Sheets),2018-04-21,118,848,https://www.youtube.com/watch?v=xOj7uhi3w80
"John Denver - Take Me Home, Country Roads - EASY [Piano Tutorial Synthesia] (Download MIDI + Sheets)",2018-04-21,102,16523,https://www.youtube.com/watch?v=2WBxU9Tr9Hk
Luis Fonsi - Despacito ft. Daddy Yankee - EASY [Piano Tutorial Synthesia] (Download MIDI + Sheets),2018-04-30,224,1598,https://www.youtube.com/watch?v=tsjmIUwq_As
Miguel - Remember Me - Coco Theme - EASY - [Piano Tutorial Synthesia] (Download MIDI + PDF Sheets),2018-04-30,70,2239,https://www.youtube.com/watch?v=nWIJ9jXBmOM
Abba - Mamma Mia - EASY - [Piano Tutorial Synthesia] (Download MIDI + PDF Sheets),2018-04-30,81,1564,https://www.youtube.com/watch?v=uOw3JoJKtFk
Ed Sheeran - Supermarket Flowers - EASY - [Piano Tutorial Synthesia] (Download MIDI + PDF Sheets),2018-05-02,220,1093,https://www.youtube.com/watch?v=dG3sRiXtazQ
Avicii - The Nights - [Piano Tutorial Synthesia] (Download MIDI + PDF Sheets),2018-05-02,68,2467,https://www.youtube.com/watch?v=t1CjJbVIrg0
Netta - Toy - [Piano Tutorial Synthesia] (Download MIDI + PDF Sheets),2018-05-20,207,675,https://www.youtube.com/watch?v=6QH8vVdWkt8
5 Seconds of Summer - Broken Home - [Piano Tutorial Synthesia] (Download MIDI + PDF Sheets),2018-05-20,218,1271,https://www.youtube.com/watch?v=9SUDGPKpVEE
BTS - Spring Day - [Piano Tutorial] (Synthesia) (Download MIDI + PDF Scores),2018-05-20,269,3195,https://www.youtube.com/watch?v=wyzk91zfOMI
5 Seconds Of Summer - Castaway - [Piano Tutorial] (Synthesia) (Download MIDI + PDF Sheets),2018-05-25,215,232,https://www.youtube.com/watch?v=oG-UEFaDkeA
BTS - Blood Sweat & Tears - [Piano Tutorial] (Synthesia) (Download MIDI + PDF Sheets),2018-05-25,208,1891,https://www.youtube.com/watch?v=suNjV-ja53w
Ariana Grande - No Tears Left To Cry - [Piano Tutorial] (Synthesia) (Download MIDI + PDF Sheets),2018-05-25,185,750,https://www.youtube.com/watch?v=reZbJiSlUqs
BTS - Go Go - [Piano Tutorial] (Synthesia) (Download MIDI + PDF Sheets),2018-05-25,269,1368,https://www.youtube.com/watch?v=7vn9nhpcO40
Beethoven - Sonata Quasi Una Fantasia - Moonlight Sonata - [Piano Tutorial] (Download MIDI + Sheets),2018-06-01,412,1641,https://www.youtube.com/watch?v=8Uce_wTSYC0
Billie Eilish ft. Khalid - Lovely - [Piano Tutorial] (Synthesia) (Download MIDI + PDF Sheets),2018-06-01,206,5985,https://www.youtube.com/watch?v=vjhnsNCREDU
Calum Scott - Dancing On My Own - [Piano Tutorial] (Synthesia) (Download MIDI + PDF Sheets),2018-06-04,263,7711,https://www.youtube.com/watch?v=HtQjbyP0jko
Meghan Trainor - No Excuses - [Piano Tutorial] (Synthesia) (Download MIDI + PDF Sheets),2018-06-04,156,257,https://www.youtube.com/watch?v=8udxHm0pBLo
Rachmaninoff - Piano Concerto No.2 - Solo EASY - [Piano Tutorial] (Download MIDI + Sheets),2018-06-04,127,15033,https://www.youtube.com/watch?v=0xwpCVZN2zM
Calum Scott - You Are The Reason - [Piano Tutorial] (Synthesia) (Download MIDI + PDF Sheets),2018-06-04,221,4278,https://www.youtube.com/watch?v=Oi96nqUCi88
Schindler's List - Main Theme - EASY - [Piano Tutorial] (Synthesia) (Download MIDI + PDF Sheets),2018-06-17,128,2990,https://www.youtube.com/watch?v=b0OPrAA6p4o
Panic! at the Disco - Impossible Year - [Piano Tutorial] (Synthesia) (Download MIDI + PDF Sheets),2018-06-29,179,378,https://www.youtube.com/watch?v=A5seu5za67Q
Maroon 5 - She Will Be Loved - EASY - [Piano Tutorial] (Synthesia) (Download MIDI + PDF Sheets),2018-06-29,249,968,https://www.youtube.com/watch?v=urM3L2Ydovw
Rudimental - These Days - [Piano Tutorial] (Synthesia) (Download MIDI + PDF Sheets),2018-06-29,216,626,https://www.youtube.com/watch?v=fkJNfW1-9LU
Panic! at the Disco - King of the Clouds - [Piano Tutorial] (Synthesia) (Download MIDI + PDF Sheets),2018-06-29,160,511,https://www.youtube.com/watch?v=XsIpYiX-ACQ
The Sound Of Silence - EASY - [Piano Tutorial] (Synthesia) (Download MIDI + PDF Sheets),2018-06-29,50,2897,https://www.youtube.com/watch?v=I2vdhP47eus
James Arthur - Impossible - [Piano Tutorial] (Synthesia) (Download MIDI + PDF Sheets),2018-06-29,225,18469,https://www.youtube.com/watch?v=Cz8Z24W2f-Q
5 Seconds of Summer - If You Don't Know - [Piano Tutorial] (Synthesia) (Download MIDI + PDF Sheets),2018-07-06,304,1097,https://www.youtube.com/watch?v=IPp1608qyxU
Europe - The Final Countdown - EASY - [Piano Tutorial] (Synthesia) (Download MIDI + PDF Sheets),2018-07-06,90,1536,https://www.youtube.com/watch?v=RXldUnxlmzw
BTS - Fake Love - [Piano Tutorial] (Synthesia) (Download MIDI + PDF Sheets),2018-07-06,243,3654,https://www.youtube.com/watch?v=JE-ACfoqOyU
Backstreet Boys - I Need You Tonight - [Piano Tutorial] (Synthesia) (Download MIDI + PDF Scores),2018-07-06,249,3687,https://www.youtube.com/watch?v=CBPKfbxeTVY
XXXTENTACION - Jocelyn Flores - [Piano Tutorial] (Synthesia) (Download MIDI + PDF Sheets),2018-07-12,139,3474,https://www.youtube.com/watch?v=HvaTpWDCTEw
Bazzi - Mine - [Piano Tutorial] (Synthesia) (Download MIDI + PDF Sheets),2018-07-12,136,1462,https://www.youtube.com/watch?v=WCt-b3DHZkw
New Politics - Stardust - [Piano Tutorial] (Synthesia) (Download MIDI + PDF Sheets),2018-07-13,243,744,https://www.youtube.com/watch?v=qgsMD9-WoQQ
Dua Lipa - IDGAF - [Piano Tutorial] (Synthesia) (Download MIDI + PDF Sheets),2018-07-13,125,546,https://www.youtube.com/watch?v=yOug10_s-9g
Childish Gambino - This Is America - [Piano Tutorial] (Synthesia) (Download MIDI + PDF Sheets),2018-07-13,232,703,https://www.youtube.com/watch?v=MWUlGIdGzI8
Rita Ora ft. Liam Payne - For You - Fifty Shades Freed [Piano Tutorial] (Download MIDI + Sheets),2018-07-19,244,328,https://www.youtube.com/watch?v=VA3Ez4_DFvw
XXXTENTACION - Sad! - [Piano Tutorial] (Synthesia) (Download MIDI + PDF Sheets),2018-07-19,177,7918,https://www.youtube.com/watch?v=nxI4aoKQP40
Portugal. The Man - Feel It Still - [Piano Tutorial] (Synthesia) (Download MIDI + PDF Sheets),2018-07-19,164,315,https://www.youtube.com/watch?v=bvcXY9hDOls
Little Mix ft. Jason Derulo - Secret Love Song - [Piano Tutorial] Synthesia (Download MIDI + Scores),2018-07-26,240,495,https://www.youtube.com/watch?v=efWSPtl_05M
Fun. ft. Janelle Monáe - We Are Young - [Piano Tutorial] (Synthesia) (Download MIDI + PDF Sheets),2018-07-26,257,720,https://www.youtube.com/watch?v=oJMm1_z-WEU
Coldplay - Everglow - [Piano Tutorial] (Synthesia) (Download MIDI + PDF Sheets),2018-07-26,345,1234,https://www.youtube.com/watch?v=aLe6PoeePo0
Drake - One Dance - [Piano Tutorial] (Synthesia) (Download MIDI + PDF Sheets),2018-08-08,82,969,https://www.youtube.com/watch?v=Aoq6bNt4iM4
Lionel Richie - Hello - [Piano Tutorial] (Synthesia) (Download MIDI + PDF Sheets),2018-08-08,264,4927,https://www.youtube.com/watch?v=YL6a79oPbuI
OMG!!! 100% HARD - Liszt - La Campanella - [Piano Tutorial] (Synthesia) (Download MIDI + PDF Sheets),2018-08-09,270,4075,https://www.youtube.com/watch?v=o_p3OB3TBR4
Alessia Cara - Scars to Your Beautiful - [Piano Tutorial] (Synthesia) (Download MIDI + PDF Scores),2018-08-13,220,1228,https://www.youtube.com/watch?v=cNc__HeEwwI
BTS - Love is Not Over - [Piano Tutorial] (Synthesia) (Download MIDI + PDF Scores),2018-08-13,160,2725,https://www.youtube.com/watch?v=9hWXLuHZV58
Franz Schubert - arr. by Liszt - Ave Maria - [Piano Tutorial] (Synthesia Download MIDI + PDF Scores),2018-08-13,247,1142,https://www.youtube.com/watch?v=_o5EFhGLqOE
Gnash - I Hate You I Love You - [Piano Tutorial] (Synthesia) (Download MIDI + PDF Scores),2018-08-17,264,1291,https://www.youtube.com/watch?v=-W5EJocQcA0
Happy Birthday - Chopin and Liszt style - [Piano Tutorial] (Synthesia) (Download MIDI + PDF Scores),2018-08-17,196,19693,https://www.youtube.com/watch?v=cHISBjsPmBo
Franz Schubert - arr. Liszt - Ständchen (Serenade) D.957 - [Piano Tutorial] (Download MIDI + Scores),2018-08-17,316,3594,https://www.youtube.com/watch?v=lyrlhneKSEw
Lauv - Chasing Fire - [Piano Tutorial] (Synthesia) (Download MIDI + PDF Scores),2018-08-23,208,980,https://www.youtube.com/watch?v=ZML2RQXCHu8
Michael Jackson - Bad - [Piano Tutorial] (Synthesia) (Download MIDI + PDF Scores),2018-08-23,177,1350,https://www.youtube.com/watch?v=B92n4l6moDc
Michael Jackson - Beat It - [Piano Tutorial] (Synthesia) (Download MIDI + PDF Scores),2018-08-23,225,3293,https://www.youtube.com/watch?v=PIH6StC4w6w
Beethoven - arr. by Liszt - 5th Symphony - [Piano Tutorial] (Synthesia) (Download MIDI + PDF Scores),2018-08-26,1859,2176,https://www.youtube.com/watch?v=BqARUfiQ-Zw
"Jem Finer, Shane MacGowan - Fairytale of New York - [Piano Tutorial] (Download MIDI + Scores)",2018-08-26,186,42493,https://www.youtube.com/watch?v=3BAlIPPh3eg
Queen - Freddie Mercury - Bohemian Rhapsody - EASY - [Piano Tutorial] (Download MIDI + PDF Scores),2018-09-06,192,4002,https://www.youtube.com/watch?v=MJoNQvbMDco
Ludovico Einaudi - Experience - [Piano Tutorial] (Synthesia) (Download MIDI + PDF Scores),2018-09-06,357,5089,https://www.youtube.com/watch?v=DGHwnXOd2g8
Sam Smith - Lay Me Down - EASY - [Piano Tutorial] (Synthesia) (Download MIDI + PDF Scores),2018-09-06,210,51278,https://www.youtube.com/watch?v=c7j8j4Ft1aQ
Imagine Dragons - Thunder - [Piano Tutorial] (Synthesia) (Download MIDI + PDF Scores),2018-09-07,192,1472,https://www.youtube.com/watch?v=qZzXhbSVO14
Imagine Dragons - Ready Aim Fire - [Piano Tutorial] (Synthesia) (Download MIDI + PDF Scores),2018-09-07,228,1063,https://www.youtube.com/watch?v=Fcbym_HjTqY
How to Play Boogie Woogie Piano - WikiHow,2016-09-29,406,7643251,https://www.youtube.com/watch?v=jsCiyPHI3kI
Twenty One Pilots - Trees - EASY - [Piano Tutorial] (Synthesia) (Download MIDI + PDF Scores),2018-09-11,142,23476,https://www.youtube.com/watch?v=WSpaBf4W8vg
Twenty One Pilots - Car Radio - EASY - [Piano Tutorial] (Synthesia) (Download MIDI + PDF Scores),2018-09-11,93,6614,https://www.youtube.com/watch?v=soAcEjn2j14
James Bay - Us - [Piano Tutorial] (Synthesia) (Download MIDI + PDF Scores),2018-09-17,194,5196,https://www.youtube.com/watch?v=4Wk2uVoHk8g
Twenty One Pilots - Kitchen Sink - [Piano Tutorial] (Synthesia) (Download MIDI + PDF Scores),2018-09-17,302,9229,https://www.youtube.com/watch?v=tsqxwXU0688
Avril Lavigne - Head Above Water - [Piano Tutorial] (Synthesia) (Download MIDI + PDF Scores),2018-09-30,227,1015,https://www.youtube.com/watch?v=UxYCHLewKMw
Ariana Grande - One Last Time - [Piano Tutorial] (Synthesia) (Download MIDI + PDF Scores),2018-09-30,184,1305,https://www.youtube.com/watch?v=0WVm6JqsczI
Avril Lavigne - When You're Gone - [Piano Tutorial] (Synthesia) (Download MIDI + PDF Scores),2018-10-04,233,1907,https://www.youtube.com/watch?v=w28Tw4K7fkg
Nick Jonas - Jealous - [Piano Tutorial] (Synthesia) (Download MIDI + PDF Scores),2018-10-04,111,691,https://www.youtube.com/watch?v=7BXJX7svN2s
"Tyler, The Creator - See You Again - [Piano Tutorial] (Synthesia) (Download MIDI + PDF Scores)",2018-10-06,102,7958,https://www.youtube.com/watch?v=3Uuj--RjHU0
Ozone - Dragostea Din Tei (Numa Numa) - [Piano Tutorial] (Synthesia) (Download MIDI + PDF Scores),2018-10-06,218,2083,https://www.youtube.com/watch?v=-svymO0OCrM
Toto - Africa - [Piano Tutorial] (Synthesia) (Download MIDI + PDF Scores),2018-10-06,267,4604,https://www.youtube.com/watch?v=hgL_Gw5Q3gY
Maroon 5 - Payphone - [Piano Tutorial] (Synthesia) (Download MIDI + PDF Scores),2018-10-10,102,1654,https://www.youtube.com/watch?v=DwpYpj4sv8I
My Chemical Romance - Disenchanted - [Piano Tutorial] (Synthesia) (Download MIDI + PDF Scores),2018-10-10,303,857,https://www.youtube.com/watch?v=pI4vyuPCJjg
Linkin Park - New Divide - [Piano Tutorial] (Synthesia) (Download MIDI + PDF Scores),2018-10-14,276,1531,https://www.youtube.com/watch?v=57b8LPo3tQk
My Chemical Romance - Teenagers - [Piano Tutorial] (Synthesia) (Download MIDI + PDF Scores),2018-10-14,167,18932,https://www.youtube.com/watch?v=evOHrzpZ1VA
Linkin Park - Crawling - [Piano Tutorial] (Synthesia) (Download MIDI + PDF Scores),2018-11-10,236,2953,https://www.youtube.com/watch?v=1UhFzbDoqyc
Lazy Town - We are Number One - [Piano Tutorial] (Synthesia) (Download MIDI + PDF Scores),2018-11-10,117,4041,https://www.youtube.com/watch?v=S7FWzsEfUuE
Panic! at the Disco - I Write Sins Not Tragedies - [Piano Tutorial] (Download MIDI + Scores),2019-01-13,187,27925,https://www.youtube.com/watch?v=ySTUeSCveEs
Maroon 5 ft. Gwen Stefani - My Heart is Open - [Piano Tutorial] (Synthesia) (Download MIDI + Scores),2019-01-13,113,365,https://www.youtube.com/watch?v=EteZ3WXqK-s
Frank Sinatra - My Way - [Piano Tutorial] (Synthesia) (Download MIDI + PDF Scores),2019-01-13,220,2072,https://www.youtube.com/watch?v=3VO298gRe2o
Panic! at the Disco - House of Memories - [Piano Tutorial] (Synthesia) (Download MIDI + PDF Scores),2019-01-27,204,2662,https://www.youtube.com/watch?v=1wNtwqF1eM4
Bad Bunny - Amorfoda - [Piano Tutorial] (Synthesia) (Download MIDI + PDF Scores),2019-02-01,149,666,https://www.youtube.com/watch?v=RTqEpyuLv1Q
Steve Nelson - Frosty The Snowman - [Piano Tutorial] (Synthesia) (Download MIDI + PDF Scores),2019-02-01,159,2677,https://www.youtube.com/watch?v=9Tao0pjhWlY
Jennie - SOLO - [Piano Tutorial] (Synthesia) (Download MIDI + PDF Scores),2019-02-01,171,2119,https://www.youtube.com/watch?v=2iOt-ZqWmLU
Ruel - Say - [Piano Tutorial] (Synthesia) (Download MIDI + PDF Scores),2019-02-06,229,32054,https://www.youtube.com/watch?v=uQvjgh7aeEk
Billie Eilish - Ocean Eyes - [Piano Tutorial] (Synthesia) (Download MIDI + PDF Scores),2019-02-06,199,3212,https://www.youtube.com/watch?v=zdgVjgmrJRk
BTS ft. Steve Aoki - The Truth Untold - EASY - [Piano Tutorial] (Synthesia) (Download MIDI + Scores),2019-02-08,91,1701,https://www.youtube.com/watch?v=jhn72ixKAeM
Billie Eilish - idontwannabeyouanymore - [Piano Tutorial] (Synthesia) (Download MIDI + PDF Scores),2019-02-08,199,2605,https://www.youtube.com/watch?v=wJtDZ62_Q9w
George Ezra - Shotgun - [Piano Tutorial] (Synthesia) (Download MIDI + PDF Scores),2019-02-08,202,1258,https://www.youtube.com/watch?v=fXVUwEkVvrI
The Pink Panther - Theme - [Piano Tutorial] (Synthesia) (Download MIDI + PDF Scores),2019-02-08,104,5106,https://www.youtube.com/watch?v=rmIRDq4gJ5U
Tom Odell - Another Love - [Piano Tutorial] (Synthesia) (Download MIDI + PDF Scores),2019-02-15,247,4396,https://www.youtube.com/watch?v=xq_kMo6dNLQ
Billie Eilish - You Should See Me in a Crown - [Piano Tutorial] (Synthesia) (Download MIDI + Scores),2019-02-15,174,973,https://www.youtube.com/watch?v=armWlV4P124
Queen - Freddie Mercury - Love Of My Life - EASY - [Piano Tutorial] (Download MIDI + Scores),2019-02-19,143,2368,https://www.youtube.com/watch?v=1NHBo9Ej-Ns
Queen - Freddie Mercury - Love Of My Life - [Piano Tutorial] (Synthesia) (Download MIDI + Scores),2019-02-19,242,2462,https://www.youtube.com/watch?v=xHpVHmL1Szk
Queen - Freddie Mercury - We Are The Champions - [Piano Tutorial] (Download MIDI + Scores),2019-02-19,131,2125,https://www.youtube.com/watch?v=rapdW-Rfcu4
BTS ft. Steve Aoki - Waste It On Me - [Piano Tutorial] (Synthesia) (Download MIDI + PDF Scores),2019-02-28,197,862,https://www.youtube.com/watch?v=17naHGc_uYE
Tom Odell - I know - [Piano Tutorial] (Synthesia) (Download MIDI + PDF Scores),2019-02-28,232,1558,https://www.youtube.com/watch?v=Pl0e6s54Y7Q
Justin Hurwitz - Quarantine - First Man Theme - [Piano Tutorial] (Download MIDI + Scores),2019-03-01,114,740,https://www.youtube.com/watch?v=mqB-arm_X4E
"Ariana Grande - Break up with Your Girlfriend, I'm Bored - [Piano Tutorial] (Download MIDI + Scores)",2019-03-09,196,454,https://www.youtube.com/watch?v=Z4UccPjjJrc
Sam Smith - Writings on the Wall - [Piano Tutorial] (Synthesia) (Download MIDI + PDF Scores),2019-03-09,256,686,https://www.youtube.com/watch?v=JxM4teLW_Wk
Imagine Dragons - Zero - [Piano Tutorial] (Synthesia) (Download MIDI + PDF Scores),2019-03-13,225,705,https://www.youtube.com/watch?v=5DG1d4aQbKk
Dean Lewis - Be Alright - [Piano Tutorial] (Synthesia) (Download MIDI + PDF Scores),2019-03-13,197,863,https://www.youtube.com/watch?v=ByzY0F5c_bk
The Beatles - Let it Be - [Piano Tutorial] (Synthesia) (Download MIDI + PDF Scores),2019-03-16,248,3946,https://www.youtube.com/watch?v=CsGJwSX61pI
Panic! at the Disco - Vegas Lights - [Piano Tutorial] (Synthesia) (Download MIDI + PDF Scores),2019-03-16,182,1678,https://www.youtube.com/watch?v=QQJMt-xaC4A
Foster The People - Pumped up Kicks - [Piano Tutorial] (Synthesia) (Download MIDI + PDF Scores),2019-03-21,273,2044,https://www.youtube.com/watch?v=ARAlEwV6ESw
5 Seconds of Summer - Girls Talk Boys - [Piano Tutorial] (Synthesia) (Download MIDI + PDF Scores),2019-03-21,218,156,https://www.youtube.com/watch?v=NxnIK63pNVk
Martin Garrix - Animals - [Piano Tutorial] (Synthesia) (Download MIDI + PDF Scores),2019-03-26,154,1201,https://www.youtube.com/watch?v=m52ZNoukNnw
Evanescence - Good Enough - [Piano Tutorial] (Synthesia) (Download MIDI + PDF Scores),2019-03-26,330,1560,https://www.youtube.com/watch?v=xHo8Jq4Hki4
Гордость Украины! (Лучшие диалоги стрима),2019-02-07,980,186326,https://www.youtube.com/watch?v=dcHU5BApX80
Как отомстить шумным соседям. Соседи всю ночь Гудели. Мгновенная карма соседям,2019-03-15,639,2173081,https://www.youtube.com/watch?v=GYs1iyJ-cvk
Panic! at the Disco - Dying In LA - [Piano Tutorial] (Synthesia) (Download MIDI + PDF Scores),2019-03-30,229,611,https://www.youtube.com/watch?v=d-fnJPdDZs4
5 Seconds of Summer - Youngblood - [Piano Tutorial] (Synthesia) (Download MIDI + PDF Scores),2019-03-30,197,580,https://www.youtube.com/watch?v=f9pFeEqWvYU
Friends Theme - I'll Be There For You - [Piano Tutorial] (Synthesia) (Download MIDI + PDF Scores),2019-04-03,99,827,https://www.youtube.com/watch?v=vRLWgFbUql4
Dean Lewis - Waves - [Piano Tutorial] (Synthesia) (Download MIDI + PDF Scores),2019-04-06,242,731,https://www.youtube.com/watch?v=pPOM23gW-cY
Kygo - Firestone - [Piano Tutorial] (Synthesia) (Download MIDI + PDF Scores),2019-04-06,185,1123,https://www.youtube.com/watch?v=QWsZvKBipXU
The Chordettes - Mr. Sandman - [Piano Tutorial] (Synthesia) (Download MIDI + PDF Scores),2019-04-19,134,3157,https://www.youtube.com/watch?v=vwcyKfOIHyo
Panic! at the Disco - The Ballad of Mona Lisa - [Piano Tutorial] (Download MIDI + PDF Scores),2019-04-19,232,815,https://www.youtube.com/watch?v=jM8clIdcoJM
My Chemical Romance - Summertime - [Piano Tutorial] (Synthesia) (Download MIDI + PDF Scores),2019-04-26,233,4706,https://www.youtube.com/watch?v=nVcvFxdlk78
Edith Piaf - La Foule (subtitulos en francés y en español) [Piano Tutorial] (Download MIDI + Scores),2019-05-05,105,33171,https://www.youtube.com/watch?v=YrkN8Vn-Tds
How to Train Your Dragon - Flying Theme - [Piano Tutorial] (Synthesia) (Download MIDI + PDF Scores),2019-05-07,114,1512,https://www.youtube.com/watch?v=5uZRdyHm0qE
Ariana Grande - God is a Woman - [Piano Tutorial] (Synthesia) (Download MIDI + PDF Scores),2019-05-10,126,652,https://www.youtube.com/watch?v=2bZfK6To2x8
Billie Eilish - Bad Guy - [Piano Tutorial] (Synthesia) (Download MIDI + PDF Scores),2019-05-12,178,7416,https://www.youtube.com/watch?v=YCJbxScF4zw
BLACKPINK - Forever Young - [Piano Tutorial] (Synthesia) (Download MIDI + PDF Scores),2019-05-13,119,813,https://www.youtube.com/watch?v=b0SSIgHJvF8
Lauren Daigle - You Say - [Piano Tutorial] (Synthesia) (Download MIDI + PDF Scores),2019-05-14,179,1127,https://www.youtube.com/watch?v=gUuZIBKlbPU
Chopin - Waltz in A Minor No.19 - EASY - [Piano Tutorial] (Synthesia) (Download MIDI + PDF Scores),2019-05-16,65,2400,https://www.youtube.com/watch?v=2Ha-ANIBtaY
Lady Gaga - Dope - [Piano Tutorial] (Synthesia) (Download MIDI + PDF Scores),2019-05-17,223,761,https://www.youtube.com/watch?v=NJ96vHhkY0U
Louis Tomlinson - Miss you - [Piano Tutorial] (Synthesia) (Download MIDI + PDF Scores),2019-05-18,116,678,https://www.youtube.com/watch?v=NFIY7IMAWj4
Ariana Grande - Only 1 - [Piano Tutorial] (Synthesia) (Download MIDI + PDF Scores),2019-05-20,206,5095,https://www.youtube.com/watch?v=x3-lDHzOrq8
Mabel - Don't Call Me Up - [Piano Tutorial] (Synthesia) (Download MIDI + PDF Scores),2019-05-21,183,550,https://www.youtube.com/watch?v=0EK0P1Dsn9s
AJR - 100 Bad Days - [Piano Tutorial] (Synthesia) (Download MIDI + PDF Scores),2019-05-23,217,2381,https://www.youtube.com/watch?v=2ZgSopk34m0
PewDiePie - Congratulations - [Piano Tutorial] (Synthesia) (Download MIDI + PDF Scores),2019-05-25,250,876,https://www.youtube.com/watch?v=K2OC6zAI0LA
Lewis Capaldi - Someone You Loved - [Piano Tutorial] (Synthesia) (Download MIDI + PDF Scores),2019-05-26,174,3880,https://www.youtube.com/watch?v=XftPYAALwDk
Spiderman - Main Theme - [Piano Tutorial] (Synthesia) (Download MIDI + PDF Scores),2019-05-28,197,5008,https://www.youtube.com/watch?v=4BkjkJblUNI
Kingdom Hearts - Dearly Beloved - [Piano Tutorial] (Synthesia) (Download MIDI + PDF Scores),2019-05-29,111,1137,https://www.youtube.com/watch?v=dbXXVVQbQlQ
Jonas Brothers - Sucker - [Piano Tutorial] (Synthesia) (Download MIDI + PDF Scores),2019-05-30,186,614,https://www.youtube.com/watch?v=K6TAD5tiyxo
Avengers - Infinity War - Trailer Theme - [Piano Tutorial] (Synthesia) (Download MIDI + PDF Scores),2019-05-31,145,2028,https://www.youtube.com/watch?v=PhQM6RB7dtM
Brahms - Hungarian Dance No.5 - 4 hands - [Piano Tutorial] (Synthesia) (Download MIDI + PDF Scores),2019-06-01,132,6149,https://www.youtube.com/watch?v=P2XFHNQHsis
Bebe Rexha - Last Hurrah - [Piano Tutorial] (Synthesia) (Download MIDI + PDF Scores),2019-06-02,145,390,https://www.youtube.com/watch?v=zigF9vKLkF0
Ariana Grande - Side To Side - [Piano Tutorial] (Synthesia) (Download MIDI + PDF Scores),2019-06-07,228,779,https://www.youtube.com/watch?v=CKmGQTdMpoE
BLACKPINK - Stay - [Piano Tutorial] (Synthesia) (Download MIDI + PDF Scores),2019-06-08,231,1534,https://www.youtube.com/watch?v=HQrUreCX74E
Billie Eilish - Wish You Were Gay - [Piano Tutorial] (Synthesia) (Download MIDI + PDF Scores),2019-06-11,131,935,https://www.youtube.com/watch?v=QdSauZ7T3SI
Shostakovich - Waltz No.2 - EASY - [Piano Tutorial] (Synthesia) (Download MIDI + PDF Scores),2019-06-13,152,5850,https://www.youtube.com/watch?v=1hmz8RVGFuE
Lady Gaga - Paparazzi - [Piano Tutorial] (Synthesia) (Download MIDI + PDF Scores),2019-06-17,243,2246,https://www.youtube.com/watch?v=qOtZXTTNIYI
Mary Poppins Returns Theme - A Conversation - [Piano Tutorial] (Download MIDI + PDF Scores),2019-06-22,129,649,https://www.youtube.com/watch?v=zWDeYlbrk_k
"Lady Gaga, Bradley Cooper - Shallow (A Star Is Born) - [Piano Tutorial] (Download MIDI + PDF Scores)",2019-06-24,232,2531,https://www.youtube.com/watch?v=BVcY8jpezYI
Christina Aguilera - Say Something - [Piano Tutorial] (Synthesia) (Download MIDI + PDF Scores),2019-07-04,222,1072,https://www.youtube.com/watch?v=K-FpKsJ0Lwg
Patrick Swayze - She's like the wind - [Piano Tutorial] (Synthesia) (Download MIDI + PDF Scores),2019-07-06,158,9567,https://www.youtube.com/watch?v=gdPGkUcb5Xk
Joe Hisaishi - Summer - [Piano Tutorial] (Synthesia) (Download MIDI + PDF Scores),2019-07-12,161,5724,https://www.youtube.com/watch?v=Mh68Xn8bPq0
Twenty One Pilots - Ride - [Piano Tutorial] (Synthesia) (Download MIDI + PDF Scores),2019-07-13,99,1610,https://www.youtube.com/watch?v=I3SghWM1Hec
Céline Dion - My Heart Will Go On - Titanic Theme - EASY [Piano Tutorial] (Download MIDI + Scores),2019-07-16,233,4278,https://www.youtube.com/watch?v=K2DHLt0bTOs
a-ha - Take On Me - EASY - [Piano Tutorial] (Synthesia) (Download MIDI + PDF Scores),2019-07-19,230,3854,https://www.youtube.com/watch?v=uLtZJYogKJA
Forest Gump - Main Theme - [Piano Tutorial] (Synthesia) (Download MIDI + PDF Scores),2019-07-24,141,1370,https://www.youtube.com/watch?v=JP9pKBACKP4
Adele - Someone Like You - [Piano Tutorial] (Synthesia) (Download MIDI + PDF Scores),2019-07-28,291,2498,https://www.youtube.com/watch?v=97Ull9tzQ6o
The Office - Theme - [Piano Tutorial] (Synthesia) (Download MIDI + PDF Scores),2019-08-06,39,4306,https://www.youtube.com/watch?v=pIT3rPVfYGo
Adele - Skyfall - [Piano Tutorial] (Synthesia) (Download MIDI + PDF Scores),2019-08-10,220,2317,https://www.youtube.com/watch?v=dV0rgQNTfrw
Alex & Sierra - Little Do You Know - [Piano Tutorial] (Synthesia) (Download MIDI + PDF Scores),2019-09-04,159,1698,https://www.youtube.com/watch?v=v7sbeCWdbT4
Greatest Showman Theme - Never Enough - [Piano Tutorial] (Synthesia) (Download MIDI + PDF Scores),2019-09-07,218,2213,https://www.youtube.com/watch?v=N23HHa0LJ5U
Guns N' Roses - Don't Cry - [Piano Tutorial] (Synthesia) (Download MIDI + PDF Scores),2019-09-12,252,11576,https://www.youtube.com/watch?v=90xze6qLGWw
Alan Walker - Darkside - [Piano Tutorial] (Synthesia) (Download MIDI + PDF Scores),2019-09-14,223,4756,https://www.youtube.com/watch?v=p78AXFBsQ2w
James Blunt - You Are Beautiful - EASY - [Piano Tutorial] (Synthesia) (Download MIDI + PDF Scores),2019-09-14,43,1493,https://www.youtube.com/watch?v=2hM1mTy49Jk
Dj-Nate - The Beginning of Time - EASY - [Piano Tutorial] (Synthesia) (Download MIDI + PDF Scores),2019-09-17,52,2220,https://www.youtube.com/watch?v=tee8qJJY1bI
Stranger Things - Theme - EASY - [Piano Tutorial] (Synthesia) (Download MIDI + PDF Scores),2019-09-19,75,3074,https://www.youtube.com/watch?v=QcVxbtsNrvQ
Mozart - Minuet in F Major K2 - EASY - [Piano Tutorial] (Synthesia) (Download MIDI + PDF Scores),2019-09-26,54,11612,https://www.youtube.com/watch?v=1LhCKwmS5u0
Alan Walker - On My Way - [Piano Tutorial] (Synthesia) (Download MIDI + PDF Scores),2019-09-28,199,4927,https://www.youtube.com/watch?v=uBKrcHn9TZQ
Mozart - Sonata In C Major - K545 - EASY - [Piano Tutorial] (Synthesia) (Download MIDI + PDF Scores),2019-09-28,62,3681,https://www.youtube.com/watch?v=kFNyF4X5eis
NF - Let You Down - [Piano Tutorial] (Synthesia) (Download MIDI + PDF Scores),2019-10-03,176,2139,https://www.youtube.com/watch?v=sMelO1LWcPw
Guns N' Roses - Sweet Child O' Mine - [Piano Tutorial] (Synthesia) (Download MIDI + PDF Scores),2019-10-06,236,2953,https://www.youtube.com/watch?v=iJKW74Ole4c
Kodaline - Brother - [Piano Tutorial] (Synthesia) (Download MIDI + PDF Scores),2019-10-12,217,1105,https://www.youtube.com/watch?v=RSH_pRxKFow
"Mozart - Sonata No. 12, K332 - [Piano Tutorial] (Synthesia) (Download MIDI + PDF Scores)",2019-10-18,204,2195,https://www.youtube.com/watch?v=gQR5PRgJRfk
Alan Walker - The Spectre - [Piano Tutorial] (Synthesia) (Download MIDI + PDF Scores),2019-10-21,191,3658,https://www.youtube.com/watch?v=42p0Hwvo0vo
"Shawn Mendes, Camila Cabello - Senorita - [Piano Tutorial] (Synthesia) (Download MIDI + PDF Scores)",2019-10-21,197,2469,https://www.youtube.com/watch?v=gqjRLQH5KOk
Lord Huron - The Night We Met - 13 Reasons Why - [Piano Tutorial] (Download MIDI + PDF Scores),2019-10-29,178,1172,https://www.youtube.com/watch?v=uFmCUTJu4Ac
Maroon 5 - Memories - [Piano Tutorial] (Synthesia) (Download MIDI + PDF Scores),2019-11-10,186,13812,https://www.youtube.com/watch?v=TdacNfWymGQ
The Beatles (John Lennon) - Real Love - [Piano Tutorial] (Synthesia) (Download MIDI + PDF Scores),2019-11-10,97,2212,https://www.youtube.com/watch?v=-0r7_tk3BiQ
Craig Armstrong - Love Actually - Soundtrack - [Piano Tutorial] (Download MIDI + PDF Scores),2019-11-15,91,679,https://www.youtube.com/watch?v=jV6ZjqJihvo
NLE Choppa - Camelot - [Piano Tutorial] (Synthesia) (Download MIDI + PDF Scores),2019-11-15,104,2110,https://www.youtube.com/watch?v=jb-lH2ji68A
Maroon 5 - Misery - [Piano Tutorial] (Synthesia) (Download MIDI + PDF Scores),2019-11-23,191,4760,https://www.youtube.com/watch?v=Rl3upljl2OQ
James Arthur - Empty Space - [Piano Tutorial] (Synthesia) (Download MIDI + PDF Scores),2019-11-23,165,1051,https://www.youtube.com/watch?v=7irf05Mz7l4
Steven Universe - Love Like You - [Piano Tutorial] (Synthesia) (Download MIDI + PDF Scores),2020-02-06,131,14102,https://www.youtube.com/watch?v=XXso8hhIcPg
BTS - Black Swan - [Piano Tutorial] (Synthesia) (Download MIDI + PDF Scores),2020-02-07,203,1888,https://www.youtube.com/watch?v=dh3oNX8VmKY
The Witcher 3 - Lullaby of Woe - [Piano Tutorial] (Synthesia) (Download MIDI + PDF Scores),2020-02-10,140,38372,https://www.youtube.com/watch?v=vKPuoEHntik
Steven Universe - Amalgam - [Piano Tutorial] (Synthesia) (Download MIDI + PDF Scores),2020-02-10,89,895,https://www.youtube.com/watch?v=7pK2gd9edFQ
Ruel - Hard Sometimes - [Piano Tutorial] (Synthesia) (Download MIDI + PDF Scores),2020-02-16,281,18526,https://www.youtube.com/watch?v=w2n-udgXe2g
Selena Gomez - Rare - [Piano Tutorial] (Synthesia) (Download MIDI + PDF Scores),2020-02-25,215,569,https://www.youtube.com/watch?v=4fbEelz3nhw
Tones and I - Dance Monkey - [Piano Tutorial] (Synthesia) (Download MIDI + PDF Scores),2020-03-03,215,6211,https://www.youtube.com/watch?v=usX22Dgr7TM
Billie Eilish - Six Feet Under - [Piano Tutorial] (Synthesia) (Download MIDI + PDF Scores),2020-03-06,202,998,https://www.youtube.com/watch?v=FqbdwtCYdNY
Sting - Every Breath You Take - [Piano Tutorial] (Synthesia) (Download MIDI + PDF Scores),2020-03-07,219,1896,https://www.youtube.com/watch?v=sUOvDAJEI4w
Steven Universe - Here Comes A Thought - [Piano Tutorial] (Synthesia) (Download MIDI + PDF Scores),2020-03-18,168,1059,https://www.youtube.com/watch?v=JAWF4neI8vU
Dua Lipa - Don't Start Now - [Piano Tutorial] (Synthesia) (Download MIDI + PDF Scores),2020-03-22,186,1661,https://www.youtube.com/watch?v=MC9sSMz9lrI
Alec Benjamin - Let Me Down Slowly - [Piano Tutorial] (Synthesia) (Download MIDI + PDF Scores),2020-03-26,172,1450,https://www.youtube.com/watch?v=fvH1DhVYWP4
Demi Lovato - Cool For The Summer - [Piano Tutorial] (Synthesia) (Download MIDI + PDF Scores),2020-03-28,208,862,https://www.youtube.com/watch?v=fvlyWMU77Lo
Billie Eilish - I Love You - [Piano Tutorial] (Synthesia) (Download MIDI + PDF Scores),2020-03-28,299,2066,https://www.youtube.com/watch?v=t68saeFNJHo
Justin Bieber - Purpose - [Piano Tutorial] (Synthesia) (Download MIDI + PDF Scores),2020-04-04,210,998,https://www.youtube.com/watch?v=uDNOj3lQSUY
Alec Benjamin - If I Killed Someone For You - [Piano Tutorial] (Download MIDI + PDF Scores),2020-04-12,186,2938,https://www.youtube.com/watch?v=bvGzLzX5OkQ
The Witcher 3 - Blood and Wine - [Piano Tutorial] (Synthesia) (Download MIDI + PDF Scores),2020-04-16,245,2231,https://www.youtube.com/watch?v=CBGDM3FqArc
Elvis Presley - Can't Help Falling in Love - EASY,2020-05-17,196,1538,https://www.youtube.com/watch?v=S_cq1WQaqPY
Enya - Watermark - EASY - [Piano Tutorial] (Synthesia) (Download MIDI + PDF Scores),2020-05-17,129,3463,https://www.youtube.com/watch?v=_IM5rxJNJ98
The Weekend - Blinding Lights - [Piano Tutorial] (Synthesia) (Download MIDI + PDF Scores),2020-05-23,190,3757,https://www.youtube.com/watch?v=CqOgVBuYrAg
Eurythmics - Sweet Dreams - [Piano Tutorial] (Synthesia) (Download MIDI + PDF Scores),2020-05-30,78,2013,https://www.youtube.com/watch?v=dQBi3IHKUzU
The Weeknd - Call Out My Name - [Piano Tutorial] (Synthesia) (Download MIDI + PDF Scores),2020-06-06,216,1232,https://www.youtube.com/watch?v=Erm2ZKeFOZQ
Lewis Capaldi - Forever - EASY - [Piano Tutorial] (Synthesia) (Download MIDI + PDF Scores),2020-06-06,77,1904,https://www.youtube.com/watch?v=gJC_N45WfhI
Coffin Dance - Piano Theme - EASY - [Piano Tutorial] (Synthesia) (Download MIDI + PDF Scores),2020-07-10,42,4677,https://www.youtube.com/watch?v=oxNiUGAooOw
Labrinth - Jealous - [Piano Tutorial] (Synthesia) (Download MIDI + PDF Scores),2020-07-10,276,965,https://www.youtube.com/watch?v=vDTMnwzgy7U
Linkin Park - One More Light - [Piano Tutorial] (Synthesia) (Download MIDI + PDF Scores),2020-07-11,255,1580,https://www.youtube.com/watch?v=kbi2GCJRgeA
Piazzolla - Oblivion - Piano Version - [Piano Tutorial] (Synthesia) (Download MIDI + PDF Scores),2020-07-12,176,2067,https://www.youtube.com/watch?v=8SS99pAHkdU
Ennio Morricone - Once Upon a Time in America - [Piano Tutorial] (Download MIDI + PDF Scores),2020-07-17,96,10269,https://www.youtube.com/watch?v=e7cHGJrhpAY
Ennio Morricone - La Horde Sauvage - The Wild Horde My Name Is Nobody Theme - (Piano MIDI + PDF),2020-07-30,158,6886,https://www.youtube.com/watch?v=JgwImKwjlP4
Deep Purple - Smoke On The Water - [Piano Tutorial] (Synthesia) (Download MIDI + PDF Scores),2020-08-01,253,1445,https://www.youtube.com/watch?v=AIF6NDnpzoI
Richard Marx - Right Here Waiting - [Piano Tutorial] (Synthesia) (Download MIDI + PDF Scores),2020-08-01,249,1378,https://www.youtube.com/watch?v=VZ7YYXUFbWo
Melanie Martinez - The Principal - [Piano Tutorial] (Synthesia) (Download MIDI + PDF Scores),2020-08-31,206,740,https://www.youtube.com/watch?v=M_PlHV1RL-U
Tyler Joseph - Drown - [Piano Tutorial] (Synthesia) (Download MIDI + PDF Scores),2020-09-02,215,866,https://www.youtube.com/watch?v=Per6fxmrmSM
Peppa Pig - Theme - EASY - [Piano Tutorial] (Synthesia) (Download MIDI + PDF Scores),2020-09-05,29,3730,https://www.youtube.com/watch?v=gHMe3K0ngTw
Doris Day - Que Sera Sera - EASY - [Piano Tutorial] (Synthesia) (Download MIDI + PDF Scores),2020-09-05,81,1107,https://www.youtube.com/watch?v=1osLdmJBLpc
Yiruma - Love Me - [Piano Tutorial] (Synthesia) (Download MIDI + PDF Scores),2020-09-12,243,2308,https://www.youtube.com/watch?v=ej5n24yde68
Melanie Martinez - Haunted - [Piano Tutorial] (Synthesia) (Download MIDI + PDF Scores),2020-10-03,198,1311,https://www.youtube.com/watch?v=yOPgMNpnsZA
Scorpions - Still Loving You - [Piano Tutorial] (Synthesia) (Download MIDI + PDF Scores),2020-10-03,291,1529,https://www.youtube.com/watch?v=0aOc8ainhXI
Tyler Joseph - Hear Me Now - [Piano Tutorial] (Synthesia) (Download MIDI + PDF Scores),2020-10-14,210,548,https://www.youtube.com/watch?v=aco7mnmzhuQ
Coffin Dance - Piano Theme - [Piano Tutorial] (Synthesia) (Download MIDI + PDF Scores),2020-10-21,120,3148,https://www.youtube.com/watch?v=ylCk4xNI3Rs
Minecraft - Sweden Calm Theme - Piano Theme - [Piano Tutorial] (Download MIDI + PDF Scores),2020-10-29,124,5569,https://www.youtube.com/watch?v=e31Vvd-9mvA
Evanescence - Wasted On You - Piano Tutorial - [Piano Tutorial] (Download MIDI + PDF Scores),2020-10-31,286,873,https://www.youtube.com/watch?v=hnlYl0J_goM
BTS - Lost - [Piano Tutorial] (Synthesia) (Download MIDI + PDF Scores),2020-11-21,112,557,https://www.youtube.com/watch?v=qq6sQ3rZQJY
Imagine Dragons - Natural - [Piano Tutorial] (Synthesia) (Download MIDI + PDF Scores),2020-11-28,194,1395,https://www.youtube.com/watch?v=ABZ1yUtWqIE
Westworld - Main Theme - [Piano Tutorial] (Synthesia) (Download MIDI + PDF Scores),2021-01-10,105,1118,https://www.youtube.com/watch?v=JHHPwzX9-vs
Money Heist - La Casa de Papel - Cecilia Krull - My Life Is Going On - [Piano Tutorial] MIDI + PDF,2021-01-23,217,1791,https://www.youtube.com/watch?v=f9V_Qj3dE0w
"Lady Gaga, Ariana Grande - Rain On Me - [Piano Tutorial] (Synthesia) (Download MIDI + PDF Scores)",2021-01-30,193,751,https://www.youtube.com/watch?v=-89hbRN9YVg
Money Heist - La Casa De Papel - Bella Ciao - EASY - [Piano Tutorial]  (Download MIDI + PDF Scores),2021-02-06,43,2349,https://www.youtube.com/watch?v=4wt97dxB8kk
"The Weeknd, Doja Cat - In Your Eyes - [Piano Tutorial] (Synthesia) (Download MIDI + PDF Scores)",2021-03-20,223,726,https://www.youtube.com/watch?v=kgOmLSs0OhA
BTS - Dynamite - [Piano Tutorial] (Synthesia) (Download MIDI + PDF Scores),2021-03-21,201,1692,https://www.youtube.com/watch?v=KyYaCtLsAAk
Harry Styles - Watermelon Sugar - [Piano Tutorial] (Synthesia) (Download MIDI + PDF Scores),2021-03-28,192,964,https://www.youtube.com/watch?v=g-xBaUmVvoo
Billie Eilish - Therefore I Am - [Piano Tutorial] (Synthesia) (Download MIDI + PDF Scores),2021-04-04,181,961,https://www.youtube.com/watch?v=eUwTqXYnQ-k
Nirvana - Smells Like Teen Spirit - [Piano Tutorial] (Synthesia) (Download MIDI + PDF Scores),2021-04-17,129,1505,https://www.youtube.com/watch?v=OSuoX3M1lzw
Nirvana - Lithium - [Piano Tutorial] (Synthesia) (Download MIDI + PDF Scores),2021-05-28,261,843,https://www.youtube.com/watch?v=wi1F9l_PxWg
Harry Styles - Don't Let Me Go - [Piano Tutorial] (Synthesia) (Download MIDI + PDF Scores),2021-07-03,230,760,https://www.youtube.com/watch?v=VDlgO5Njdrk
Roddy Ricch - The Box - [Piano Tutorial] (Synthesia) (Download MIDI + PDF Scores),2021-08-24,204,647,https://www.youtube.com/watch?v=1jH_p2o8K1Q
Ed Sheeran - Bad Habits - [Piano Tutorial] (Synthesia) (Download MIDI + PDF Scores),2021-08-28,233,983,https://www.youtube.com/watch?v=hmXA_HnonvU
"Chopin - Nocturne Op.72, No.1 in E Minor - [Piano Tutorial] (Synthesia) (Download MIDI + PDF Scores)",2021-08-29,257,807,https://www.youtube.com/watch?v=VPZyQZ7jU4Y
Passacaglia – Handel/Halvorsen (Piano Solo),2019-11-25,166,4657573,https://www.youtube.com/watch?v=GAIZxaToV2A
Olivia Rodrigo - Deja Vu - [Piano Tutorial] (Synthesia) (Download MIDI + PDF Scores),2021-09-09,237,615,https://www.youtube.com/watch?v=Fut25PiIvl4
Ludwig Van Beethoven - Sonata N.8 Op.13 - Pathétique Rondo [Piano Tutorial] (Download MIDI + Scores),2021-09-11,411,709,https://www.youtube.com/watch?v=-WAWump7t4Q
"Handel, Halvorsen - Passacaglia - [Piano Tutorial] (Synthesia) (Download MIDI + PDF Scores)",2021-09-24,143,997,https://www.youtube.com/watch?v=tSUDv8ikqtI
"The Kid LAROI, Justin Bieber - STAY - [Piano Tutorial] (Synthesia) (Download MIDI + PDF Scores)",2021-10-24,142,1229,https://www.youtube.com/watch?v=UilxqTzKspw
Stray Kids - Thunderous (소리꾼) - [Piano Tutorial] (Synthesia) (Download MIDI + PDF Scores),2021-10-27,192,355,https://www.youtube.com/watch?v=qljU0V0gOE0
"Chopin - Nocturne Op.48, No.1 in C Minor - [Piano Tutorial] (Synthesia) (Download MIDI + PDF Scores)",2021-11-01,315,700,https://www.youtube.com/watch?v=0JStZGs6CQ4
Olivia Rodrigo - All I Want - [Piano Tutorial] (Synthesia) (Download MIDI + PDF Scores),2021-11-05,207,562,https://www.youtube.com/watch?v=Qzbnbu74WVA
BTS - Boy With Luv - [Piano Tutorial] (Synthesia) (Download MIDI + PDF Scores),2021-11-11,233,479,https://www.youtube.com/watch?v=Hh_PPlIYleE
Tears for Fears - Mad World - [Piano Tutorial] (Synthesia) (Download MIDI + PDF Scores),2021-11-13,204,767,https://www.youtube.com/watch?v=T1lhiUl2l_I
Marshmello x Jonas Brothers - Leave Before You Love Me - [Piano Tutorial] (Download MIDI + PDF),2021-12-24,158,345,https://www.youtube.com/watch?v=vlf-fvZO-OQ
Jungkook (BTS) - Still With You - [Piano Tutorial] (Synthesia) (Download MIDI + PDF Scores),2022-01-01,239,614,https://www.youtube.com/watch?v=NghVVELQaH8
"Ludwig Van Beethoven - Sonatina in G major, Anh 5, Moderato - [Piano Tutorial] (Download MIDI + PDF)",2022-02-05,228,261,https://www.youtube.com/watch?v=G3A0mJhZCTw
Camila Cabello - Liar - [Piano Tutorial] (Synthesia) (Download MIDI + PDF Scores),2022-02-06,221,276,https://www.youtube.com/watch?v=XrlMSNKb7Dw
"Ludwig Van Beethoven - Moonlight Sonata, Op.27 No.2, 3rd Mv - [Piano Tutorial] (Download MIDI + PDF)",2022-02-09,412,617,https://www.youtube.com/watch?v=Gfb7ksfOyFM
"Anne Marie, Doja Cat - To Be Young - [Piano Tutorial] (Synthesia) (Download MIDI + PDF Scores)",2022-02-11,203,207,https://www.youtube.com/watch?v=GD8I02kqOzE
"Chopin - Nocturne Op.55, No.1 in F Minor - [Piano Tutorial] (Synthesia) (Download MIDI + PDF Scores)",2022-02-12,293,465,https://www.youtube.com/watch?v=61LbE9AJXTw
BTS - Your Eyes Tell - [Piano Tutorial] (Synthesia) (Download MIDI + PDF Scores),2022-03-05,241,239,https://www.youtube.com/watch?v=EM6BmUdqHAs
Ludwig Van Beethoven - Ode To Joy [Piano Tutorial] [Stand With Ukraine] (Download MIDI + PDF Scores),2022-03-27,176,541,https://www.youtube.com/watch?v=ttE8yF5wMPA
"Mozart - Requiem in D Minor, Dies Irae - [Piano Tutorial] (Synthesia) (Download MIDI + PDF Scores)",2022-04-06,113,338,https://www.youtube.com/watch?v=wKnU-5PO_Mw
Greensleeves - Piano - EASY - [Piano Tutorial] (Synthesia) (Download MIDI + PDF Scores),2022-04-08,54,212,https://www.youtube.com/watch?v=XPR-d4MPdAI
Nicholas Britell - I'm Cruella - [Piano Tutorial] (Synthesia) (Download MIDI + PDF Scores),2022-04-09,208,188,https://www.youtube.com/watch?v=cTiWrbADD1o
"Mozart - Magic Flute, Queen of the Night Aria - Piano Solo - [Piano Tutorial] (MIDI + PDF Scores)",2022-04-10,62,355,https://www.youtube.com/watch?v=V3csxu_xYYM
The Weeknd - Save Your Tears - [Piano Tutorial] (Synthesia) (Download MIDI + PDF Scores),2022-04-13,216,323,https://www.youtube.com/watch?v=Q90kmX5HMb4
Ed Sheeran - The Joker and The Queen - [Piano Tutorial] (Synthesia) (Download MIDI + PDF Scores),2022-04-16,189,170,https://www.youtube.com/watch?v=gAG97IWMxlk
Mitski - Francis Forever - [Piano Tutorial] (Synthesia) (Download MIDI + PDF Scores),2022-04-20,113,221,https://www.youtube.com/watch?v=3OlBhQSjYXI
Gayle - abcdefu - [Piano Tutorial] (Synthesia) (Download MIDI + PDF Scores),2022-04-23,176,251,https://www.youtube.com/watch?v=EDZNYAPivsc
"Mozart - Piano Sonata No.10 in C Major, KV.330, 1st. Mv - [Piano Tutorial] (Download MIDI + PDF)",2022-04-25,577,210,https://www.youtube.com/watch?v=6dahx4ONQJY
Adele - Easy On Me - [Piano Tutorial] (Synthesia) (Download MIDI + PDF Scores),2022-04-30,217,226,https://www.youtube.com/watch?v=NTf8AxaNFD4
Ed Sheeran - Shivers - EASY - [Piano Tutorial] (Synthesia) (Download MIDI + PDF Scores),2022-05-02,89,190,https://www.youtube.com/watch?v=zRgDoYsMns0
Dove Cameron - Boyfriend - [Piano Tutorial] (Synthesia) (Download MIDI + PDF Scores),2022-05-07,164,154,https://www.youtube.com/watch?v=EVLwmAHHQSI
Mozart - Sonata No.8 KV.310 1st Mv - [Piano Tutorial] (Synthesia) (Download MIDI + PDF Scores),2022-05-15,546,104,https://www.youtube.com/watch?v=tkmXD01Ebu8
"Mozart - Concerto No. 21, K467 - EASY - [Piano Tutorial] (Synthesia) (Download MIDI + PDF Scores)",2019-05-10,55,12859,https://www.youtube.com/watch?v=2iOCWP_5fWw
Mozart - Turkish March (Rondo Alla Turca) EASY - [Piano Tutorial Synthesia] (Download MIDI),2017-07-08,44,6826,https://www.youtube.com/watch?v=0aPvgWiFS84
Yiruma - Maybe - [Piano Tutorial] (Synthesia) (Download MIDI + PDF Scores),2022-05-15,208,181,https://www.youtube.com/watch?v=7QqUAQVxbA8
Mozart - Piano Sonata in C minor K 457 No.14 1st Mv - [Piano Tutorial] (Download MIDI + PDF Scores),2022-05-21,509,77,https://www.youtube.com/watch?v=tQ94HKsUw-M
Ray Charles - Hit the Road Jack - EASY - [Piano Tutorial] (Synthesia) (Download MIDI + PDF Scores),2022-05-21,96,168,https://www.youtube.com/watch?v=lkmX288NsLw
Claude Debussy - Clair de Lune - EASY - [Piano Tutorial] (Synthesia) (Download MIDI + PDF Scores),2022-05-28,72,58,https://www.youtube.com/watch?v=vvrd1zzwEHo
Yiruma - When The Love Falls - [Piano Tutorial] (Synthesia) (Download MIDI + PDF Scores),2022-05-28,185,97,https://www.youtube.com/watch?v=f1ay6_-pWX0
